Year,Month,Country,SriLanka_Arrivals,Estimated_Sigiriya_Visitors,Visitor_Category
2016,Jan,India,48272,26549,High
2016,Jan,United Kingdom,19308,10619,High
2016,Jan,Russia,17378,9557,High
2016,Jan,Germany,15447,8495,High
2016,Jan,China,13516,7433,High
2016,Jan,France,11585,6371,High
2016,Jan,Australia,9654,5309,Moderate
2016,Jan,United States,9654,5309,Moderate
2016,Jan,Netherlands,7723,4247,Moderate
2016,Jan,Italy,7723,4247,Moderate
2016,Jan,Spain,3861,2123,Moderate
2016,Jan,Poland,3861,2123,Moderate
2016,Jan,Japan,1930,1061,Moderate
2016,Jan,South Korea,1930,1061,Moderate
2016,Jan,UAE,1930,1061,Moderate
2016,Jan,Saudi Arabia,1930,1061,Moderate
2016,Jan,Qatar,1930,1061,Moderate
2016,Jan,Other,25101,13805,High
2016,Feb,India,46341,25487,High
2016,Feb,United Kingdom,18536,10195,High
2016,Feb,Russia,16682,9175,High
2016,Feb,Germany,14829,8156,High
2016,Feb,China,12975,7136,High
2016,Feb,France,11121,6117,High
2016,Feb,Australia,9268,5097,Moderate
2016,Feb,United States,9268,5097,Moderate
2016,Feb,Netherlands,7414,4078,Moderate
2016,Feb,Italy,7414,4078,Moderate
2016,Feb,Spain,3707,2039,Moderate
2016,Feb,Poland,3707,2039,Moderate
2016,Feb,Japan,1853,1019,Moderate
2016,Feb,South Korea,1853,1019,Moderate
2016,Feb,UAE,1853,1019,Moderate
2016,Feb,Saudi Arabia,1853,1019,Moderate
2016,Feb,Qatar,1853,1019,Moderate
2016,Feb,Other,24097,13253,High
2016,Mar,India,44410,24425,High
2016,Mar,United Kingdom,17764,9770,High
2016,Mar,Russia,15987,8793,High
2016,Mar,Germany,14211,7816,High
2016,Mar,China,12434,6839,High
2016,Mar,France,10658,5862,High
2016,Mar,Australia,8882,4885,Moderate
2016,Mar,United States,8882,4885,Moderate
2016,Mar,Netherlands,7105,3908,Moderate
2016,Mar,Italy,7105,3908,Moderate
2016,Mar,Spain,3552,1954,Moderate
2016,Mar,Poland,3552,1954,Moderate
2016,Mar,Japan,1776,977,Moderate
2016,Mar,South Korea,1776,977,Moderate
2016,Mar,UAE,1776,977,Moderate
2016,Mar,Saudi Arabia,1776,977,Moderate
2016,Mar,Qatar,1776,977,Moderate
2016,Mar,Other,23093,12701,High
2016,Apr,India,36686,20177,High
2016,Apr,United Kingdom,14674,8071,High
2016,Apr,Russia,13207,7264,High
2016,Apr,Germany,11739,6456,High
2016,Apr,China,10272,5649,Moderate
2016,Apr,France,8804,4842,Moderate
2016,Apr,Australia,7337,4035,Moderate
2016,Apr,United States,7337,4035,Moderate
2016,Apr,Netherlands,5869,3228,Moderate
2016,Apr,Italy,5869,3228,Moderate
2016,Apr,Spain,2934,1614,Moderate
2016,Apr,Poland,2934,1614,Moderate
2016,Apr,Japan,1467,807,Low
2016,Apr,South Korea,1467,807,Low
2016,Apr,UAE,1467,807,Low
2016,Apr,Saudi Arabia,1467,807,Low
2016,Apr,Qatar,1467,807,Low
2016,Apr,Other,19077,10492,High
2016,May,India,28963,15929,High
2016,May,United Kingdom,11585,6371,High
2016,May,Russia,10426,5734,High
2016,May,Germany,9268,5097,Moderate
2016,May,China,8109,4460,Moderate
2016,May,France,6951,3823,Moderate
2016,May,Australia,5792,3185,Moderate
2016,May,United States,5792,3185,Moderate
2016,May,Netherlands,4634,2548,Moderate
2016,May,Italy,4634,2548,Moderate
2016,May,Spain,2317,1274,Moderate
2016,May,Poland,2317,1274,Moderate
2016,May,Japan,1158,637,Low
2016,May,South Korea,1158,637,Low
2016,May,UAE,1158,637,Low
2016,May,Saudi Arabia,1158,637,Low
2016,May,Qatar,1158,637,Low
2016,May,Other,15060,8283,High
2016,Jun,India,30894,16991,High
2016,Jun,United Kingdom,12357,6796,High
2016,Jun,Russia,11121,6117,High
2016,Jun,Germany,9886,5437,Moderate
2016,Jun,China,8650,4757,Moderate
2016,Jun,France,7414,4078,Moderate
2016,Jun,Australia,6178,3398,Moderate
2016,Jun,United States,6178,3398,Moderate
2016,Jun,Netherlands,4943,2718,Moderate
2016,Jun,Italy,4943,2718,Moderate
2016,Jun,Spain,2471,1359,Moderate
2016,Jun,Poland,2471,1359,Moderate
2016,Jun,Japan,1235,679,Low
2016,Jun,South Korea,1235,679,Low
2016,Jun,UAE,1235,679,Low
2016,Jun,Saudi Arabia,1235,679,Low
2016,Jun,Qatar,1235,679,Low
2016,Jun,Other,16065,8835,High
2016,Jul,India,40548,22301,High
2016,Jul,United Kingdom,16219,8920,High
2016,Jul,Russia,14597,8028,High
2016,Jul,Germany,12975,7136,High
2016,Jul,China,11353,6244,High
2016,Jul,France,9731,5352,Moderate
2016,Jul,Australia,8109,4460,Moderate
2016,Jul,United States,8109,4460,Moderate
2016,Jul,Netherlands,6487,3568,Moderate
2016,Jul,Italy,6487,3568,Moderate
2016,Jul,Spain,3243,1784,Moderate
2016,Jul,Poland,3243,1784,Moderate
2016,Jul,Japan,1621,892,Moderate
2016,Jul,South Korea,1621,892,Moderate
2016,Jul,UAE,1621,892,Moderate
2016,Jul,Saudi Arabia,1621,892,Moderate
2016,Jul,Qatar,1621,892,Moderate
2016,Jul,Other,21085,11596,High
2016,Aug,India,42479,23363,High
2016,Aug,United Kingdom,16991,9345,High
2016,Aug,Russia,15292,8410,High
2016,Aug,Germany,13593,7476,High
2016,Aug,China,11894,6541,High
2016,Aug,France,10195,5607,Moderate
2016,Aug,Australia,8495,4672,Moderate
2016,Aug,United States,8495,4672,Moderate
2016,Aug,Netherlands,6796,3738,Moderate
2016,Aug,Italy,6796,3738,Moderate
2016,Aug,Spain,3398,1869,Moderate
2016,Aug,Poland,3398,1869,Moderate
2016,Aug,Japan,1699,934,Moderate
2016,Aug,South Korea,1699,934,Moderate
2016,Aug,UAE,1699,934,Moderate
2016,Aug,Saudi Arabia,1699,934,Moderate
2016,Aug,Qatar,1699,934,Moderate
2016,Aug,Other,22089,12149,High
2016,Sep,India,32825,18053,High
2016,Sep,United Kingdom,13130,7221,High
2016,Sep,Russia,11817,6499,High
2016,Sep,Germany,10504,5777,High
2016,Sep,China,9191,5055,Moderate
2016,Sep,France,7878,4332,Moderate
2016,Sep,Australia,6565,3610,Moderate
2016,Sep,United States,6565,3610,Moderate
2016,Sep,Netherlands,5252,2888,Moderate
2016,Sep,Italy,5252,2888,Moderate
2016,Sep,Spain,2626,1444,Moderate
2016,Sep,Poland,2626,1444,Moderate
2016,Sep,Japan,1313,722,Low
2016,Sep,South Korea,1313,722,Low
2016,Sep,UAE,1313,722,Low
2016,Sep,Saudi Arabia,1313,722,Low
2016,Sep,Qatar,1313,722,Low
2016,Sep,Other,17069,9388,High
2016,Oct,India,34756,19115,High
2016,Oct,United Kingdom,13902,7646,High
2016,Oct,Russia,12512,6881,High
2016,Oct,Germany,11121,6117,High
2016,Oct,China,9731,5352,Moderate
2016,Oct,France,8341,4587,Moderate
2016,Oct,Australia,6951,3823,Moderate
2016,Oct,United States,6951,3823,Moderate
2016,Oct,Netherlands,5560,3058,Moderate
2016,Oct,Italy,5560,3058,Moderate
2016,Oct,Spain,2780,1529,Moderate
2016,Oct,Poland,2780,1529,Moderate
2016,Oct,Japan,1390,764,Low
2016,Oct,South Korea,1390,764,Low
2016,Oct,UAE,1390,764,Low
2016,Oct,Saudi Arabia,1390,764,Low
2016,Oct,Qatar,1390,764,Low
2016,Oct,Other,18073,9940,High
2016,Nov,India,38617,21239,High
2016,Nov,United Kingdom,15447,8495,High
2016,Nov,Russia,13902,7646,High
2016,Nov,Germany,12357,6796,High
2016,Nov,China,10813,5947,High
2016,Nov,France,9268,5097,Moderate
2016,Nov,Australia,7723,4247,Moderate
2016,Nov,United States,7723,4247,Moderate
2016,Nov,Netherlands,6178,3398,Moderate
2016,Nov,Italy,6178,3398,Moderate
2016,Nov,Spain,3089,1699,Moderate
2016,Nov,Poland,3089,1699,Moderate
2016,Nov,Japan,1544,849,Low
2016,Nov,South Korea,1544,849,Low
2016,Nov,UAE,1544,849,Low
2016,Nov,Saudi Arabia,1544,849,Low
2016,Nov,Qatar,1544,849,Low
2016,Nov,Other,20081,11044,High
2016,Dec,India,50203,27611,High
2016,Dec,United Kingdom,20081,11044,High
2016,Dec,Russia,18073,9940,High
2016,Dec,Germany,16065,8835,High
2016,Dec,China,14056,7731,High
2016,Dec,France,12048,6626,High
2016,Dec,Australia,10040,5522,Moderate
2016,Dec,United States,10040,5522,Moderate
2016,Dec,Netherlands,8032,4417,Moderate
2016,Dec,Italy,8032,4417,Moderate
2016,Dec,Spain,4016,2208,Moderate
2016,Dec,Poland,4016,2208,Moderate
2016,Dec,Japan,2008,1104,Moderate
2016,Dec,South Korea,2008,1104,Moderate
2016,Dec,UAE,2008,1104,Moderate
2016,Dec,Saudi Arabia,2008,1104,Moderate
2016,Dec,Qatar,2008,1104,Moderate
2016,Dec,Other,26105,14358,High
2017,Jan,India,53353,29344,High
2017,Jan,United Kingdom,21341,11737,High
2017,Jan,Russia,19207,10564,High
2017,Jan,Germany,17073,9390,High
2017,Jan,China,14939,8216,High
2017,Jan,France,12804,7042,High
2017,Jan,Australia,10670,5868,High
2017,Jan,United States,10670,5868,High
2017,Jan,Netherlands,8536,4695,Moderate
2017,Jan,Italy,8536,4695,Moderate
2017,Jan,Spain,4268,2347,Moderate
2017,Jan,Poland,4268,2347,Moderate
2017,Jan,Japan,2134,1173,Moderate
2017,Jan,South Korea,2134,1173,Moderate
2017,Jan,UAE,2134,1173,Moderate
2017,Jan,Saudi Arabia,2134,1173,Moderate
2017,Jan,Qatar,2134,1173,Moderate
2017,Jan,Other,27743,15259,High
2017,Feb,India,51219,28170,High
2017,Feb,United Kingdom,20487,11268,High
2017,Feb,Russia,18439,10141,High
2017,Feb,Germany,16390,9014,High
2017,Feb,China,14341,7887,High
2017,Feb,France,12292,6760,High
2017,Feb,Australia,10243,5634,Moderate
2017,Feb,United States,10243,5634,Moderate
2017,Feb,Netherlands,8195,4507,Moderate
2017,Feb,Italy,8195,4507,Moderate
2017,Feb,Spain,4097,2253,Moderate
2017,Feb,Poland,4097,2253,Moderate
2017,Feb,Japan,2048,1126,Moderate
2017,Feb,South Korea,2048,1126,Moderate
2017,Feb,UAE,2048,1126,Moderate
2017,Feb,Saudi Arabia,2048,1126,Moderate
2017,Feb,Qatar,2048,1126,Moderate
2017,Feb,Other,26634,14648,High
2017,Mar,India,49085,26996,High
2017,Mar,United Kingdom,19634,10798,High
2017,Mar,Russia,17670,9718,High
2017,Mar,Germany,15707,8639,High
2017,Mar,China,13743,7559,High
2017,Mar,France,11780,6479,High
2017,Mar,Australia,9817,5399,Moderate
2017,Mar,United States,9817,5399,Moderate
2017,Mar,Netherlands,7853,4319,Moderate
2017,Mar,Italy,7853,4319,Moderate
2017,Mar,Spain,3926,2159,Moderate
2017,Mar,Poland,3926,2159,Moderate
2017,Mar,Japan,1963,1079,Moderate
2017,Mar,South Korea,1963,1079,Moderate
2017,Mar,UAE,1963,1079,Moderate
2017,Mar,Saudi Arabia,1963,1079,Moderate
2017,Mar,Qatar,1963,1079,Moderate
2017,Mar,Other,25524,14038,High
2017,Apr,India,40548,22301,High
2017,Apr,United Kingdom,16219,8920,High
2017,Apr,Russia,14597,8028,High
2017,Apr,Germany,12975,7136,High
2017,Apr,China,11353,6244,High
2017,Apr,France,9731,5352,Moderate
2017,Apr,Australia,8109,4460,Moderate
2017,Apr,United States,8109,4460,Moderate
2017,Apr,Netherlands,6487,3568,Moderate
2017,Apr,Italy,6487,3568,Moderate
2017,Apr,Spain,3243,1784,Moderate
2017,Apr,Poland,3243,1784,Moderate
2017,Apr,Japan,1621,892,Moderate
2017,Apr,South Korea,1621,892,Moderate
2017,Apr,UAE,1621,892,Moderate
2017,Apr,Saudi Arabia,1621,892,Moderate
2017,Apr,Qatar,1621,892,Moderate
2017,Apr,Other,21085,11596,High
2017,May,India,32012,17606,High
2017,May,United Kingdom,12804,7042,High
2017,May,Russia,11524,6338,High
2017,May,Germany,10243,5634,Moderate
2017,May,China,8963,4929,Moderate
2017,May,France,7682,4225,Moderate
2017,May,Australia,6402,3521,Moderate
2017,May,United States,6402,3521,Moderate
2017,May,Netherlands,5121,2817,Moderate
2017,May,Italy,5121,2817,Moderate
2017,May,Spain,2560,1408,Moderate
2017,May,Poland,2560,1408,Moderate
2017,May,Japan,1280,704,Low
2017,May,South Korea,1280,704,Low
2017,May,UAE,1280,704,Low
2017,May,Saudi Arabia,1280,704,Low
2017,May,Qatar,1280,704,Low
2017,May,Other,16646,9155,High
2017,Jun,India,34146,18780,High
2017,Jun,United Kingdom,13658,7512,High
2017,Jun,Russia,12292,6760,High
2017,Jun,Germany,10926,6009,High
2017,Jun,China,9560,5258,Moderate
2017,Jun,France,8195,4507,Moderate
2017,Jun,Australia,6829,3756,Moderate
2017,Jun,United States,6829,3756,Moderate
2017,Jun,Netherlands,5463,3004,Moderate
2017,Jun,Italy,5463,3004,Moderate
2017,Jun,Spain,2731,1502,Moderate
2017,Jun,Poland,2731,1502,Moderate
2017,Jun,Japan,1365,751,Low
2017,Jun,South Korea,1365,751,Low
2017,Jun,UAE,1365,751,Low
2017,Jun,Saudi Arabia,1365,751,Low
2017,Jun,Qatar,1365,751,Low
2017,Jun,Other,17756,9765,High
2017,Jul,India,44817,24649,High
2017,Jul,United Kingdom,17926,9859,High
2017,Jul,Russia,16134,8873,High
2017,Jul,Germany,14341,7887,High
2017,Jul,China,12548,6901,High
2017,Jul,France,10756,5915,High
2017,Jul,Australia,8963,4929,Moderate
2017,Jul,United States,8963,4929,Moderate
2017,Jul,Netherlands,7170,3943,Moderate
2017,Jul,Italy,7170,3943,Moderate
2017,Jul,Spain,3585,1971,Moderate
2017,Jul,Poland,3585,1971,Moderate
2017,Jul,Japan,1792,985,Moderate
2017,Jul,South Korea,1792,985,Moderate
2017,Jul,UAE,1792,985,Moderate
2017,Jul,Saudi Arabia,1792,985,Moderate
2017,Jul,Qatar,1792,985,Moderate
2017,Jul,Other,23304,12817,High
2017,Aug,India,46951,25823,High
2017,Aug,United Kingdom,18780,10329,High
2017,Aug,Russia,16902,9296,High
2017,Aug,Germany,15024,8263,High
2017,Aug,China,13146,7230,High
2017,Aug,France,11268,6197,High
2017,Aug,Australia,9390,5164,Moderate
2017,Aug,United States,9390,5164,Moderate
2017,Aug,Netherlands,7512,4131,Moderate
2017,Aug,Italy,7512,4131,Moderate
2017,Aug,Spain,3756,2065,Moderate
2017,Aug,Poland,3756,2065,Moderate
2017,Aug,Japan,1878,1032,Moderate
2017,Aug,South Korea,1878,1032,Moderate
2017,Aug,UAE,1878,1032,Moderate
2017,Aug,Saudi Arabia,1878,1032,Moderate
2017,Aug,Qatar,1878,1032,Moderate
2017,Aug,Other,24414,13428,High
2017,Sep,India,36280,19954,High
2017,Sep,United Kingdom,14512,7981,High
2017,Sep,Russia,13060,7183,High
2017,Sep,Germany,11609,6385,High
2017,Sep,China,10158,5587,Moderate
2017,Sep,France,8707,4789,Moderate
2017,Sep,Australia,7256,3990,Moderate
2017,Sep,United States,7256,3990,Moderate
2017,Sep,Netherlands,5804,3192,Moderate
2017,Sep,Italy,5804,3192,Moderate
2017,Sep,Spain,2902,1596,Moderate
2017,Sep,Poland,2902,1596,Moderate
2017,Sep,Japan,1451,798,Low
2017,Sep,South Korea,1451,798,Low
2017,Sep,UAE,1451,798,Low
2017,Sep,Saudi Arabia,1451,798,Low
2017,Sep,Qatar,1451,798,Low
2017,Sep,Other,18865,10376,High
2017,Oct,India,38414,21128,High
2017,Oct,United Kingdom,15365,8451,High
2017,Oct,Russia,13829,7606,High
2017,Oct,Germany,12292,6760,High
2017,Oct,China,10756,5915,High
2017,Oct,France,9219,5070,Moderate
2017,Oct,Australia,7682,4225,Moderate
2017,Oct,United States,7682,4225,Moderate
2017,Oct,Netherlands,6146,3380,Moderate
2017,Oct,Italy,6146,3380,Moderate
2017,Oct,Spain,3073,1690,Moderate
2017,Oct,Poland,3073,1690,Moderate
2017,Oct,Japan,1536,845,Low
2017,Oct,South Korea,1536,845,Low
2017,Oct,UAE,1536,845,Low
2017,Oct,Saudi Arabia,1536,845,Low
2017,Oct,Qatar,1536,845,Low
2017,Oct,Other,19975,10986,High
2017,Nov,India,42682,23475,High
2017,Nov,United Kingdom,17073,9390,High
2017,Nov,Russia,15365,8451,High
2017,Nov,Germany,13658,7512,High
2017,Nov,China,11951,6573,High
2017,Nov,France,10243,5634,Moderate
2017,Nov,Australia,8536,4695,Moderate
2017,Nov,United States,8536,4695,Moderate
2017,Nov,Netherlands,6829,3756,Moderate
2017,Nov,Italy,6829,3756,Moderate
2017,Nov,Spain,3414,1878,Moderate
2017,Nov,Poland,3414,1878,Moderate
2017,Nov,Japan,1707,939,Moderate
2017,Nov,South Korea,1707,939,Moderate
2017,Nov,UAE,1707,939,Moderate
2017,Nov,Saudi Arabia,1707,939,Moderate
2017,Nov,Qatar,1707,939,Moderate
2017,Nov,Other,22195,12207,High
2017,Dec,India,55487,30518,High
2017,Dec,United Kingdom,22195,12207,High
2017,Dec,Russia,19975,10986,High
2017,Dec,Germany,17756,9765,High
2017,Dec,China,15536,8545,High
2017,Dec,France,13317,7324,High
2017,Dec,Australia,11097,6103,High
2017,Dec,United States,11097,6103,High
2017,Dec,Netherlands,8878,4882,Moderate
2017,Dec,Italy,8878,4882,Moderate
2017,Dec,Spain,4439,2441,Moderate
2017,Dec,Poland,4439,2441,Moderate
2017,Dec,Japan,2219,1220,Moderate
2017,Dec,South Korea,2219,1220,Moderate
2017,Dec,UAE,2219,1220,Moderate
2017,Dec,Saudi Arabia,2219,1220,Moderate
2017,Dec,Qatar,2219,1220,Moderate
2017,Dec,Other,28853,15869,High
2018,Jan,India,58434,32139,High
2018,Jan,United Kingdom,23373,12855,High
2018,Jan,Russia,21036,11570,High
2018,Jan,Germany,18699,10284,High
2018,Jan,China,16361,8998,High
2018,Jan,France,14024,7713,High
2018,Jan,Australia,11686,6427,High
2018,Jan,United States,11686,6427,High
2018,Jan,Netherlands,9349,5142,Moderate
2018,Jan,Italy,9349,5142,Moderate
2018,Jan,Spain,4674,2571,Moderate
2018,Jan,Poland,4674,2571,Moderate
2018,Jan,Japan,2337,1285,Moderate
2018,Jan,South Korea,2337,1285,Moderate
2018,Jan,UAE,2337,1285,Moderate
2018,Jan,Saudi Arabia,2337,1285,Moderate
2018,Jan,Qatar,2337,1285,Moderate
2018,Jan,Other,30386,16712,High
2018,Feb,India,56097,30853,High
2018,Feb,United Kingdom,22439,12341,High
2018,Feb,Russia,20195,11107,High
2018,Feb,Germany,17951,9873,High
2018,Feb,China,15707,8639,High
2018,Feb,France,13463,7404,High
2018,Feb,Australia,11219,6170,High
2018,Feb,United States,11219,6170,High
2018,Feb,Netherlands,8975,4936,Moderate
2018,Feb,Italy,8975,4936,Moderate
2018,Feb,Spain,4487,2468,Moderate
2018,Feb,Poland,4487,2468,Moderate
2018,Feb,Japan,2243,1234,Moderate
2018,Feb,South Korea,2243,1234,Moderate
2018,Feb,UAE,2243,1234,Moderate
2018,Feb,Saudi Arabia,2243,1234,Moderate
2018,Feb,Qatar,2243,1234,Moderate
2018,Feb,Other,29170,16043,High
2018,Mar,India,53760,29568,High
2018,Mar,United Kingdom,21504,11827,High
2018,Mar,Russia,19353,10644,High
2018,Mar,Germany,17203,9461,High
2018,Mar,China,15052,8279,High
2018,Mar,France,12902,7096,High
2018,Mar,Australia,10752,5913,High
2018,Mar,United States,10752,5913,High
2018,Mar,Netherlands,8601,4730,Moderate
2018,Mar,Italy,8601,4730,Moderate
2018,Mar,Spain,4300,2365,Moderate
2018,Mar,Poland,4300,2365,Moderate
2018,Mar,Japan,2150,1182,Moderate
2018,Mar,South Korea,2150,1182,Moderate
2018,Mar,UAE,2150,1182,Moderate
2018,Mar,Saudi Arabia,2150,1182,Moderate
2018,Mar,Qatar,2150,1182,Moderate
2018,Mar,Other,27955,15375,High
2018,Apr,India,44410,24425,High
2018,Apr,United Kingdom,17764,9770,High
2018,Apr,Russia,15987,8793,High
2018,Apr,Germany,14211,7816,High
2018,Apr,China,12434,6839,High
2018,Apr,France,10658,5862,High
2018,Apr,Australia,8882,4885,Moderate
2018,Apr,United States,8882,4885,Moderate
2018,Apr,Netherlands,7105,3908,Moderate
2018,Apr,Italy,7105,3908,Moderate
2018,Apr,Spain,3552,1954,Moderate
2018,Apr,Poland,3552,1954,Moderate
2018,Apr,Japan,1776,977,Moderate
2018,Apr,South Korea,1776,977,Moderate
2018,Apr,UAE,1776,977,Moderate
2018,Apr,Saudi Arabia,1776,977,Moderate
2018,Apr,Qatar,1776,977,Moderate
2018,Apr,Other,23093,12701,High
2018,May,India,35060,19283,High
2018,May,United Kingdom,14024,7713,High
2018,May,Russia,12621,6942,High
2018,May,Germany,11219,6170,High
2018,May,China,9817,5399,Moderate
2018,May,France,8414,4628,Moderate
2018,May,Australia,7012,3856,Moderate
2018,May,United States,7012,3856,Moderate
2018,May,Netherlands,5609,3085,Moderate
2018,May,Italy,5609,3085,Moderate
2018,May,Spain,2804,1542,Moderate
2018,May,Poland,2804,1542,Moderate
2018,May,Japan,1402,771,Low
2018,May,South Korea,1402,771,Low
2018,May,UAE,1402,771,Low
2018,May,Saudi Arabia,1402,771,Low
2018,May,Qatar,1402,771,Low
2018,May,Other,18231,10027,High
2018,Jun,India,37398,20569,High
2018,Jun,United Kingdom,14959,8227,High
2018,Jun,Russia,13463,7404,High
2018,Jun,Germany,11967,6582,High
2018,Jun,China,10471,5759,High
2018,Jun,France,8975,4936,Moderate
2018,Jun,Australia,7479,4113,Moderate
2018,Jun,United States,7479,4113,Moderate
2018,Jun,Netherlands,5983,3291,Moderate
2018,Jun,Italy,5983,3291,Moderate
2018,Jun,Spain,2991,1645,Moderate
2018,Jun,Poland,2991,1645,Moderate
2018,Jun,Japan,1495,822,Low
2018,Jun,South Korea,1495,822,Low
2018,Jun,UAE,1495,822,Low
2018,Jun,Saudi Arabia,1495,822,Low
2018,Jun,Qatar,1495,822,Low
2018,Jun,Other,19447,10695,High
2018,Jul,India,49085,26996,High
2018,Jul,United Kingdom,19634,10798,High
2018,Jul,Russia,17670,9718,High
2018,Jul,Germany,15707,8639,High
2018,Jul,China,13743,7559,High
2018,Jul,France,11780,6479,High
2018,Jul,Australia,9817,5399,Moderate
2018,Jul,United States,9817,5399,Moderate
2018,Jul,Netherlands,7853,4319,Moderate
2018,Jul,Italy,7853,4319,Moderate
2018,Jul,Spain,3926,2159,Moderate
2018,Jul,Poland,3926,2159,Moderate
2018,Jul,Japan,1963,1079,Moderate
2018,Jul,South Korea,1963,1079,Moderate
2018,Jul,UAE,1963,1079,Moderate
2018,Jul,Saudi Arabia,1963,1079,Moderate
2018,Jul,Qatar,1963,1079,Moderate
2018,Jul,Other,25524,14038,High
2018,Aug,India,51422,28282,High
2018,Aug,United Kingdom,20569,11313,High
2018,Aug,Russia,18512,10181,High
2018,Aug,Germany,16455,9050,High
2018,Aug,China,14398,7919,High
2018,Aug,France,12341,6787,High
2018,Aug,Australia,10284,5656,High
2018,Aug,United States,10284,5656,High
2018,Aug,Netherlands,8227,4525,Moderate
2018,Aug,Italy,8227,4525,Moderate
2018,Aug,Spain,4113,2262,Moderate
2018,Aug,Poland,4113,2262,Moderate
2018,Aug,Japan,2056,1131,Moderate
2018,Aug,South Korea,2056,1131,Moderate
2018,Aug,UAE,2056,1131,Moderate
2018,Aug,Saudi Arabia,2056,1131,Moderate
2018,Aug,Qatar,2056,1131,Moderate
2018,Aug,Other,26739,14706,High
2018,Sep,India,39735,21854,High
2018,Sep,United Kingdom,15894,8741,High
2018,Sep,Russia,14304,7867,High
2018,Sep,Germany,12715,6993,High
2018,Sep,China,11126,6119,High
2018,Sep,France,9536,5245,Moderate
2018,Sep,Australia,7947,4370,Moderate
2018,Sep,United States,7947,4370,Moderate
2018,Sep,Netherlands,6357,3496,Moderate
2018,Sep,Italy,6357,3496,Moderate
2018,Sep,Spain,3178,1748,Moderate
2018,Sep,Poland,3178,1748,Moderate
2018,Sep,Japan,1589,874,Low
2018,Sep,South Korea,1589,874,Low
2018,Sep,UAE,1589,874,Low
2018,Sep,Saudi Arabia,1589,874,Low
2018,Sep,Qatar,1589,874,Low
2018,Sep,Other,20662,11364,High
2018,Oct,India,42073,23140,High
2018,Oct,United Kingdom,16829,9256,High
2018,Oct,Russia,15146,8330,High
2018,Oct,Germany,13463,7404,High
2018,Oct,China,11780,6479,High
2018,Oct,France,10097,5553,Moderate
2018,Oct,Australia,8414,4628,Moderate
2018,Oct,United States,8414,4628,Moderate
2018,Oct,Netherlands,6731,3702,Moderate
2018,Oct,Italy,6731,3702,Moderate
2018,Oct,Spain,3365,1851,Moderate
2018,Oct,Poland,3365,1851,Moderate
2018,Oct,Japan,1682,925,Moderate
2018,Oct,South Korea,1682,925,Moderate
2018,Oct,UAE,1682,925,Moderate
2018,Oct,Saudi Arabia,1682,925,Moderate
2018,Oct,Qatar,1682,925,Moderate
2018,Oct,Other,21878,12032,High
2018,Nov,India,46747,25711,High
2018,Nov,United Kingdom,18699,10284,High
2018,Nov,Russia,16829,9256,High
2018,Nov,Germany,14959,8227,High
2018,Nov,China,13089,7199,High
2018,Nov,France,11219,6170,High
2018,Nov,Australia,9349,5142,Moderate
2018,Nov,United States,9349,5142,Moderate
2018,Nov,Netherlands,7479,4113,Moderate
2018,Nov,Italy,7479,4113,Moderate
2018,Nov,Spain,3739,2056,Moderate
2018,Nov,Poland,3739,2056,Moderate
2018,Nov,Japan,1869,1028,Moderate
2018,Nov,South Korea,1869,1028,Moderate
2018,Nov,UAE,1869,1028,Moderate
2018,Nov,Saudi Arabia,1869,1028,Moderate
2018,Nov,Qatar,1869,1028,Moderate
2018,Nov,Other,24308,13369,High
2018,Dec,India,60772,33424,High
2018,Dec,United Kingdom,24308,13369,High
2018,Dec,Russia,21878,12032,High
2018,Dec,Germany,19447,10695,High
2018,Dec,China,17016,9358,High
2018,Dec,France,14585,8021,High
2018,Dec,Australia,12154,6684,High
2018,Dec,United States,12154,6684,High
2018,Dec,Netherlands,9723,5347,Moderate
2018,Dec,Italy,9723,5347,Moderate
2018,Dec,Spain,4861,2673,Moderate
2018,Dec,Poland,4861,2673,Moderate
2018,Dec,Japan,2430,1336,Moderate
2018,Dec,South Korea,2430,1336,Moderate
2018,Dec,UAE,2430,1336,Moderate
2018,Dec,Saudi Arabia,2430,1336,Moderate
2018,Dec,Qatar,2430,1336,Moderate
2018,Dec,Other,31601,17380,High
2019,Jan,India,48272,26549,High
2019,Jan,United Kingdom,19308,10619,High
2019,Jan,Russia,17378,9557,High
2019,Jan,Germany,15447,8495,High
2019,Jan,China,13516,7433,High
2019,Jan,France,11585,6371,High
2019,Jan,Australia,9654,5309,Moderate
2019,Jan,United States,9654,5309,Moderate
2019,Jan,Netherlands,7723,4247,Moderate
2019,Jan,Italy,7723,4247,Moderate
2019,Jan,Spain,3861,2123,Moderate
2019,Jan,Poland,3861,2123,Moderate
2019,Jan,Japan,1930,1061,Moderate
2019,Jan,South Korea,1930,1061,Moderate
2019,Jan,UAE,1930,1061,Moderate
2019,Jan,Saudi Arabia,1930,1061,Moderate
2019,Jan,Qatar,1930,1061,Moderate
2019,Jan,Other,25101,13805,High
2019,Feb,India,46341,25487,High
2019,Feb,United Kingdom,18536,10195,High
2019,Feb,Russia,16682,9175,High
2019,Feb,Germany,14829,8156,High
2019,Feb,China,12975,7136,High
2019,Feb,France,11121,6117,High
2019,Feb,Australia,9268,5097,Moderate
2019,Feb,United States,9268,5097,Moderate
2019,Feb,Netherlands,7414,4078,Moderate
2019,Feb,Italy,7414,4078,Moderate
2019,Feb,Spain,3707,2039,Moderate
2019,Feb,Poland,3707,2039,Moderate
2019,Feb,Japan,1853,1019,Moderate
2019,Feb,South Korea,1853,1019,Moderate
2019,Feb,UAE,1853,1019,Moderate
2019,Feb,Saudi Arabia,1853,1019,Moderate
2019,Feb,Qatar,1853,1019,Moderate
2019,Feb,Other,24097,13253,High
2019,Mar,India,44410,24425,High
2019,Mar,United Kingdom,17764,9770,High
2019,Mar,Russia,15987,8793,High
2019,Mar,Germany,14211,7816,High
2019,Mar,China,12434,6839,High
2019,Mar,France,10658,5862,High
2019,Mar,Australia,8882,4885,Moderate
2019,Mar,United States,8882,4885,Moderate
2019,Mar,Netherlands,7105,3908,Moderate
2019,Mar,Italy,7105,3908,Moderate
2019,Mar,Spain,3552,1954,Moderate
2019,Mar,Poland,3552,1954,Moderate
2019,Mar,Japan,1776,977,Moderate
2019,Mar,South Korea,1776,977,Moderate
2019,Mar,UAE,1776,977,Moderate
2019,Mar,Saudi Arabia,1776,977,Moderate
2019,Mar,Qatar,1776,977,Moderate
2019,Mar,Other,23093,12701,High
2019,Apr,India,36686,20177,High
2019,Apr,United Kingdom,14674,8071,High
2019,Apr,Russia,13207,7264,High
2019,Apr,Germany,11739,6456,High
2019,Apr,China,10272,5649,Moderate
2019,Apr,France,8804,4842,Moderate
2019,Apr,Australia,7337,4035,Moderate
2019,Apr,United States,7337,4035,Moderate
2019,Apr,Netherlands,5869,3228,Moderate
2019,Apr,Italy,5869,3228,Moderate
2019,Apr,Spain,2934,1614,Moderate
2019,Apr,Poland,2934,1614,Moderate
2019,Apr,Japan,1467,807,Low
2019,Apr,South Korea,1467,807,Low
2019,Apr,UAE,1467,807,Low
2019,Apr,Saudi Arabia,1467,807,Low
2019,Apr,Qatar,1467,807,Low
2019,Apr,Other,19077,10492,High
2019,May,India,28963,15929,High
2019,May,United Kingdom,11585,6371,High
2019,May,Russia,10426,5734,High
2019,May,Germany,9268,5097,Moderate
2019,May,China,8109,4460,Moderate
2019,May,France,6951,3823,Moderate
2019,May,Australia,5792,3185,Moderate
2019,May,United States,5792,3185,Moderate
2019,May,Netherlands,4634,2548,Moderate
2019,May,Italy,4634,2548,Moderate
2019,May,Spain,2317,1274,Moderate
2019,May,Poland,2317,1274,Moderate
2019,May,Japan,1158,637,Low
2019,May,South Korea,1158,637,Low
2019,May,UAE,1158,637,Low
2019,May,Saudi Arabia,1158,637,Low
2019,May,Qatar,1158,637,Low
2019,May,Other,15060,8283,High
2019,Jun,India,30894,16991,High
2019,Jun,United Kingdom,12357,6796,High
2019,Jun,Russia,11121,6117,High
2019,Jun,Germany,9886,5437,Moderate
2019,Jun,China,8650,4757,Moderate
2019,Jun,France,7414,4078,Moderate
2019,Jun,Australia,6178,3398,Moderate
2019,Jun,United States,6178,3398,Moderate
2019,Jun,Netherlands,4943,2718,Moderate
2019,Jun,Italy,4943,2718,Moderate
2019,Jun,Spain,2471,1359,Moderate
2019,Jun,Poland,2471,1359,Moderate
2019,Jun,Japan,1235,679,Low
2019,Jun,South Korea,1235,679,Low
2019,Jun,UAE,1235,679,Low
2019,Jun,Saudi Arabia,1235,679,Low
2019,Jun,Qatar,1235,679,Low
2019,Jun,Other,16065,8835,High
2019,Jul,India,40548,22301,High
2019,Jul,United Kingdom,16219,8920,High
2019,Jul,Russia,14597,8028,High
2019,Jul,Germany,12975,7136,High
2019,Jul,China,11353,6244,High
2019,Jul,France,9731,5352,Moderate
2019,Jul,Australia,8109,4460,Moderate
2019,Jul,United States,8109,4460,Moderate
2019,Jul,Netherlands,6487,3568,Moderate
2019,Jul,Italy,6487,3568,Moderate
2019,Jul,Spain,3243,1784,Moderate
2019,Jul,Poland,3243,1784,Moderate
2019,Jul,Japan,1621,892,Moderate
2019,Jul,South Korea,1621,892,Moderate
2019,Jul,UAE,1621,892,Moderate
2019,Jul,Saudi Arabia,1621,892,Moderate
2019,Jul,Qatar,1621,892,Moderate
2019,Jul,Other,21085,11596,High
2019,Aug,India,42479,23363,High
2019,Aug,United Kingdom,16991,9345,High
2019,Aug,Russia,15292,8410,High
2019,Aug,Germany,13593,7476,High
2019,Aug,China,11894,6541,High
2019,Aug,France,10195,5607,Moderate
2019,Aug,Australia,8495,4672,Moderate
2019,Aug,United States,8495,4672,Moderate
2019,Aug,Netherlands,6796,3738,Moderate
2019,Aug,Italy,6796,3738,Moderate
2019,Aug,Spain,3398,1869,Moderate
2019,Aug,Poland,3398,1869,Moderate
2019,Aug,Japan,1699,934,Moderate
2019,Aug,South Korea,1699,934,Moderate
2019,Aug,UAE,1699,934,Moderate
2019,Aug,Saudi Arabia,1699,934,Moderate
2019,Aug,Qatar,1699,934,Moderate
2019,Aug,Other,22089,12149,High
2019,Sep,India,32825,18053,High
2019,Sep,United Kingdom,13130,7221,High
2019,Sep,Russia,11817,6499,High
2019,Sep,Germany,10504,5777,High
2019,Sep,China,9191,5055,Moderate
2019,Sep,France,7878,4332,Moderate
2019,Sep,Australia,6565,3610,Moderate
2019,Sep,United States,6565,3610,Moderate
2019,Sep,Netherlands,5252,2888,Moderate
2019,Sep,Italy,5252,2888,Moderate
2019,Sep,Spain,2626,1444,Moderate
2019,Sep,Poland,2626,1444,Moderate
2019,Sep,Japan,1313,722,Low
2019,Sep,South Korea,1313,722,Low
2019,Sep,UAE,1313,722,Low
2019,Sep,Saudi Arabia,1313,722,Low
2019,Sep,Qatar,1313,722,Low
2019,Sep,Other,17069,9388,High
2019,Oct,India,34756,19115,High
2019,Oct,United Kingdom,13902,7646,High
2019,Oct,Russia,12512,6881,High
2019,Oct,Germany,11121,6117,High
2019,Oct,China,9731,5352,Moderate
2019,Oct,France,8341,4587,Moderate
2019,Oct,Australia,6951,3823,Moderate
2019,Oct,United States,6951,3823,Moderate
2019,Oct,Netherlands,5560,3058,Moderate
2019,Oct,Italy,5560,3058,Moderate
2019,Oct,Spain,2780,1529,Moderate
2019,Oct,Poland,2780,1529,Moderate
2019,Oct,Japan,1390,764,Low
2019,Oct,South Korea,1390,764,Low
2019,Oct,UAE,1390,764,Low
2019,Oct,Saudi Arabia,1390,764,Low
2019,Oct,Qatar,1390,764,Low
2019,Oct,Other,18073,9940,High
2019,Nov,India,38617,21239,High
2019,Nov,United Kingdom,15447,8495,High
2019,Nov,Russia,13902,7646,High
2019,Nov,Germany,12357,6796,High
2019,Nov,China,10813,5947,High
2019,Nov,France,9268,5097,Moderate
2019,Nov,Australia,7723,4247,Moderate
2019,Nov,United States,7723,4247,Moderate
2019,Nov,Netherlands,6178,3398,Moderate
2019,Nov,Italy,6178,3398,Moderate
2019,Nov,Spain,3089,1699,Moderate
2019,Nov,Poland,3089,1699,Moderate
2019,Nov,Japan,1544,849,Low
2019,Nov,South Korea,1544,849,Low
2019,Nov,UAE,1544,849,Low
2019,Nov,Saudi Arabia,1544,849,Low
2019,Nov,Qatar,1544,849,Low
2019,Nov,Other,20081,11044,High
2019,Dec,India,50203,27611,High
2019,Dec,United Kingdom,20081,11044,High
2019,Dec,Russia,18073,9940,High
2019,Dec,Germany,16065,8835,High
2019,Dec,China,14056,7731,High
2019,Dec,France,12048,6626,High
2019,Dec,Australia,10040,5522,Moderate
2019,Dec,United States,10040,5522,Moderate
2019,Dec,Netherlands,8032,4417,Moderate
2019,Dec,Italy,8032,4417,Moderate
2019,Dec,Spain,4016,2208,Moderate
2019,Dec,Poland,4016,2208,Moderate
2019,Dec,Japan,2008,1104,Moderate
2019,Dec,South Korea,2008,1104,Moderate
2019,Dec,UAE,2008,1104,Moderate
2019,Dec,Saudi Arabia,2008,1104,Moderate
2019,Dec,Qatar,2008,1104,Moderate
2019,Dec,Other,26105,14358,High
2020,Jan,India,12703,6986,High
2020,Jan,United Kingdom,5081,2794,Moderate
2020,Jan,Russia,4573,2515,Moderate
2020,Jan,Germany,4065,2235,Moderate
2020,Jan,China,3556,1956,Moderate
2020,Jan,France,3048,1676,Moderate
2020,Jan,Australia,2540,1397,Moderate
2020,Jan,United States,2540,1397,Moderate
2020,Jan,Netherlands,2032,1117,Moderate
2020,Jan,Italy,2032,1117,Moderate
2020,Jan,Spain,1016,558,Low
2020,Jan,Poland,1016,558,Low
2020,Jan,Japan,508,279,Low
2020,Jan,South Korea,508,279,Low
2020,Jan,UAE,508,279,Low
2020,Jan,Saudi Arabia,508,279,Low
2020,Jan,Qatar,508,279,Low
2020,Jan,Other,6605,3633,Moderate
2020,Feb,India,12195,6707,High
2020,Feb,United Kingdom,4878,2682,Moderate
2020,Feb,Russia,4390,2414,Moderate
2020,Feb,Germany,3902,2146,Moderate
2020,Feb,China,3414,1878,Moderate
2020,Feb,France,2926,1609,Moderate
2020,Feb,Australia,2439,1341,Moderate
2020,Feb,United States,2439,1341,Moderate
2020,Feb,Netherlands,1951,1073,Moderate
2020,Feb,Italy,1951,1073,Moderate
2020,Feb,Spain,975,536,Low
2020,Feb,Poland,975,536,Low
2020,Feb,Japan,487,268,Low
2020,Feb,South Korea,487,268,Low
2020,Feb,UAE,487,268,Low
2020,Feb,Saudi Arabia,487,268,Low
2020,Feb,Qatar,487,268,Low
2020,Feb,Other,6341,3487,Moderate
2020,Mar,India,11686,6427,High
2020,Mar,United Kingdom,4674,2571,Moderate
2020,Mar,Russia,4207,2314,Moderate
2020,Mar,Germany,3739,2056,Moderate
2020,Mar,China,3272,1799,Moderate
2020,Mar,France,2804,1542,Moderate
2020,Mar,Australia,2337,1285,Moderate
2020,Mar,United States,2337,1285,Moderate
2020,Mar,Netherlands,1869,1028,Moderate
2020,Mar,Italy,1869,1028,Moderate
2020,Mar,Spain,934,514,Low
2020,Mar,Poland,934,514,Low
2020,Mar,Japan,467,257,Low
2020,Mar,South Korea,467,257,Low
2020,Mar,UAE,467,257,Low
2020,Mar,Saudi Arabia,467,257,Low
2020,Mar,Qatar,467,257,Low
2020,Mar,Other,6077,3342,Moderate
2020,Apr,India,9654,5309,Moderate
2020,Apr,United Kingdom,3861,2123,Moderate
2020,Apr,Russia,3475,1911,Moderate
2020,Apr,Germany,3089,1699,Moderate
2020,Apr,China,2703,1486,Moderate
2020,Apr,France,2317,1274,Moderate
2020,Apr,Australia,1930,1061,Moderate
2020,Apr,United States,1930,1061,Moderate
2020,Apr,Netherlands,1544,849,Low
2020,Apr,Italy,1544,849,Low
2020,Apr,Spain,772,424,Low
2020,Apr,Poland,772,424,Low
2020,Apr,Japan,386,212,Low
2020,Apr,South Korea,386,212,Low
2020,Apr,UAE,386,212,Low
2020,Apr,Saudi Arabia,386,212,Low
2020,Apr,Qatar,386,212,Low
2020,Apr,Other,5020,2761,Moderate
2020,May,India,7621,4192,Moderate
2020,May,United Kingdom,3048,1676,Moderate
2020,May,Russia,2743,1509,Moderate
2020,May,Germany,2439,1341,Moderate
2020,May,China,2134,1173,Moderate
2020,May,France,1829,1006,Moderate
2020,May,Australia,1524,838,Low
2020,May,United States,1524,838,Low
2020,May,Netherlands,1219,670,Low
2020,May,Italy,1219,670,Low
2020,May,Spain,609,335,Low
2020,May,Poland,609,335,Low
2020,May,Japan,304,167,Low
2020,May,South Korea,304,167,Low
2020,May,UAE,304,167,Low
2020,May,Saudi Arabia,304,167,Low
2020,May,Qatar,304,167,Low
2020,May,Other,3963,2179,Moderate
2020,Jun,India,8130,4471,Moderate
2020,Jun,United Kingdom,3252,1788,Moderate
2020,Jun,Russia,2926,1609,Moderate
2020,Jun,Germany,2601,1430,Moderate
2020,Jun,China,2276,1252,Moderate
2020,Jun,France,1951,1073,Moderate
2020,Jun,Australia,1626,894,Moderate
2020,Jun,United States,1626,894,Moderate
2020,Jun,Netherlands,1300,715,Low
2020,Jun,Italy,1300,715,Low
2020,Jun,Spain,650,357,Low
2020,Jun,Poland,650,357,Low
2020,Jun,Japan,325,178,Low
2020,Jun,South Korea,325,178,Low
2020,Jun,UAE,325,178,Low
2020,Jun,Saudi Arabia,325,178,Low
2020,Jun,Qatar,325,178,Low
2020,Jun,Other,4227,2325,Moderate
2020,Jul,India,10670,5868,High
2020,Jul,United Kingdom,4268,2347,Moderate
2020,Jul,Russia,3841,2112,Moderate
2020,Jul,Germany,3414,1878,Moderate
2020,Jul,China,2987,1643,Moderate
2020,Jul,France,2560,1408,Moderate
2020,Jul,Australia,2134,1173,Moderate
2020,Jul,United States,2134,1173,Moderate
2020,Jul,Netherlands,1707,939,Moderate
2020,Jul,Italy,1707,939,Moderate
2020,Jul,Spain,853,469,Low
2020,Jul,Poland,853,469,Low
2020,Jul,Japan,426,234,Low
2020,Jul,South Korea,426,234,Low
2020,Jul,UAE,426,234,Low
2020,Jul,Saudi Arabia,426,234,Low
2020,Jul,Qatar,426,234,Low
2020,Jul,Other,5548,3051,Moderate
2020,Aug,India,11178,6148,High
2020,Aug,United Kingdom,4471,2459,Moderate
2020,Aug,Russia,4024,2213,Moderate
2020,Aug,Germany,3577,1967,Moderate
2020,Aug,China,3130,1721,Moderate
2020,Aug,France,2682,1475,Moderate
2020,Aug,Australia,2235,1229,Moderate
2020,Aug,United States,2235,1229,Moderate
2020,Aug,Netherlands,1788,983,Moderate
2020,Aug,Italy,1788,983,Moderate
2020,Aug,Spain,894,491,Low
2020,Aug,Poland,894,491,Low
2020,Aug,Japan,447,245,Low
2020,Aug,South Korea,447,245,Low
2020,Aug,UAE,447,245,Low
2020,Aug,Saudi Arabia,447,245,Low
2020,Aug,Qatar,447,245,Low
2020,Aug,Other,5813,3197,Moderate
2020,Sep,India,8638,4751,Moderate
2020,Sep,United Kingdom,3455,1900,Moderate
2020,Sep,Russia,3109,1710,Moderate
2020,Sep,Germany,2764,1520,Moderate
2020,Sep,China,2418,1330,Moderate
2020,Sep,France,2073,1140,Moderate
2020,Sep,Australia,1727,950,Moderate
2020,Sep,United States,1727,950,Moderate
2020,Sep,Netherlands,1382,760,Low
2020,Sep,Italy,1382,760,Low
2020,Sep,Spain,691,380,Low
2020,Sep,Poland,691,380,Low
2020,Sep,Japan,345,190,Low
2020,Sep,South Korea,345,190,Low
2020,Sep,UAE,345,190,Low
2020,Sep,Saudi Arabia,345,190,Low
2020,Sep,Qatar,345,190,Low
2020,Sep,Other,4491,2470,Moderate
2020,Oct,India,9146,5030,Moderate
2020,Oct,United Kingdom,3658,2012,Moderate
2020,Oct,Russia,3292,1810,Moderate
2020,Oct,Germany,2926,1609,Moderate
2020,Oct,China,2560,1408,Moderate
2020,Oct,France,2195,1207,Moderate
2020,Oct,Australia,1829,1006,Moderate
2020,Oct,United States,1829,1006,Moderate
2020,Oct,Netherlands,1463,804,Low
2020,Oct,Italy,1463,804,Low
2020,Oct,Spain,731,402,Low
2020,Oct,Poland,731,402,Low
2020,Oct,Japan,365,201,Low
2020,Oct,South Korea,365,201,Low
2020,Oct,UAE,365,201,Low
2020,Oct,Saudi Arabia,365,201,Low
2020,Oct,Qatar,365,201,Low
2020,Oct,Other,4756,2615,Moderate
2020,Nov,India,10162,5589,Moderate
2020,Nov,United Kingdom,4065,2235,Moderate
2020,Nov,Russia,3658,2012,Moderate
2020,Nov,Germany,3252,1788,Moderate
2020,Nov,China,2845,1565,Moderate
2020,Nov,France,2439,1341,Moderate
2020,Nov,Australia,2032,1117,Moderate
2020,Nov,United States,2032,1117,Moderate
2020,Nov,Netherlands,1626,894,Moderate
2020,Nov,Italy,1626,894,Moderate
2020,Nov,Spain,813,447,Low
2020,Nov,Poland,813,447,Low
2020,Nov,Japan,406,223,Low
2020,Nov,South Korea,406,223,Low
2020,Nov,UAE,406,223,Low
2020,Nov,Saudi Arabia,406,223,Low
2020,Nov,Qatar,406,223,Low
2020,Nov,Other,5284,2906,Moderate
2020,Dec,India,13211,7266,High
2020,Dec,United Kingdom,5284,2906,Moderate
2020,Dec,Russia,4756,2615,Moderate
2020,Dec,Germany,4227,2325,Moderate
2020,Dec,China,3699,2034,Moderate
2020,Dec,France,3170,1743,Moderate
2020,Dec,Australia,2642,1453,Moderate
2020,Dec,United States,2642,1453,Moderate
2020,Dec,Netherlands,2113,1162,Moderate
2020,Dec,Italy,2113,1162,Moderate
2020,Dec,Spain,1056,581,Low
2020,Dec,Poland,1056,581,Low
2020,Dec,Japan,528,290,Low
2020,Dec,South Korea,528,290,Low
2020,Dec,UAE,528,290,Low
2020,Dec,Saudi Arabia,528,290,Low
2020,Dec,Qatar,528,290,Low
2020,Dec,Other,6869,3778,Moderate
2021,Jan,India,5081,2794,Moderate
2021,Jan,United Kingdom,2032,1117,Moderate
2021,Jan,Russia,1829,1006,Moderate
2021,Jan,Germany,1626,894,Moderate
2021,Jan,China,1422,782,Low
2021,Jan,France,1219,670,Low
2021,Jan,Australia,1016,558,Low
2021,Jan,United States,1016,558,Low
2021,Jan,Netherlands,813,447,Low
2021,Jan,Italy,813,447,Low
2021,Jan,Spain,406,223,Low
2021,Jan,Poland,406,223,Low
2021,Jan,Japan,203,111,Low
2021,Jan,South Korea,203,111,Low
2021,Jan,UAE,203,111,Low
2021,Jan,Saudi Arabia,203,111,Low
2021,Jan,Qatar,203,111,Low
2021,Jan,Other,2642,1453,Moderate
2021,Feb,India,4878,2682,Moderate
2021,Feb,United Kingdom,1951,1073,Moderate
2021,Feb,Russia,1756,965,Moderate
2021,Feb,Germany,1560,858,Low
2021,Feb,China,1365,751,Low
2021,Feb,France,1170,643,Low
2021,Feb,Australia,975,536,Low
2021,Feb,United States,975,536,Low
2021,Feb,Netherlands,780,429,Low
2021,Feb,Italy,780,429,Low
2021,Feb,Spain,390,214,Low
2021,Feb,Poland,390,214,Low
2021,Feb,Japan,195,107,Low
2021,Feb,South Korea,195,107,Low
2021,Feb,UAE,195,107,Low
2021,Feb,Saudi Arabia,195,107,Low
2021,Feb,Qatar,195,107,Low
2021,Feb,Other,2536,1395,Moderate
2021,Mar,India,4674,2571,Moderate
2021,Mar,United Kingdom,1869,1028,Moderate
2021,Mar,Russia,1682,925,Moderate
2021,Mar,Germany,1495,822,Low
2021,Mar,China,1308,719,Low
2021,Mar,France,1121,617,Low
2021,Mar,Australia,934,514,Low
2021,Mar,United States,934,514,Low
2021,Mar,Netherlands,747,411,Low
2021,Mar,Italy,747,411,Low
2021,Mar,Spain,373,205,Low
2021,Mar,Poland,373,205,Low
2021,Mar,Japan,186,102,Low
2021,Mar,South Korea,186,102,Low
2021,Mar,UAE,186,102,Low
2021,Mar,Saudi Arabia,186,102,Low
2021,Mar,Qatar,186,102,Low
2021,Mar,Other,2430,1336,Moderate
2021,Apr,India,3861,2123,Moderate
2021,Apr,United Kingdom,1544,849,Low
2021,Apr,Russia,1390,764,Low
2021,Apr,Germany,1235,679,Low
2021,Apr,China,1081,594,Low
2021,Apr,France,926,509,Low
2021,Apr,Australia,772,424,Low
2021,Apr,United States,772,424,Low
2021,Apr,Netherlands,617,339,Low
2021,Apr,Italy,617,339,Low
2021,Apr,Spain,308,169,Low
2021,Apr,Poland,308,169,Low
2021,Apr,Japan,154,84,Low
2021,Apr,South Korea,154,84,Low
2021,Apr,UAE,154,84,Low
2021,Apr,Saudi Arabia,154,84,Low
2021,Apr,Qatar,154,84,Low
2021,Apr,Other,2008,1104,Moderate
2021,May,India,3048,1676,Moderate
2021,May,United Kingdom,1219,670,Low
2021,May,Russia,1097,603,Low
2021,May,Germany,975,536,Low
2021,May,China,853,469,Low
2021,May,France,731,402,Low
2021,May,Australia,609,335,Low
2021,May,United States,609,335,Low
2021,May,Netherlands,487,268,Low
2021,May,Italy,487,268,Low
2021,May,Spain,243,134,Low
2021,May,Poland,243,134,Low
2021,May,Japan,121,67,Low
2021,May,South Korea,121,67,Low
2021,May,UAE,121,67,Low
2021,May,Saudi Arabia,121,67,Low
2021,May,Qatar,121,67,Low
2021,May,Other,1585,871,Low
2021,Jun,India,3252,1788,Moderate
2021,Jun,United Kingdom,1300,715,Low
2021,Jun,Russia,1170,643,Low
2021,Jun,Germany,1040,572,Low
2021,Jun,China,910,500,Low
2021,Jun,France,780,429,Low
2021,Jun,Australia,650,357,Low
2021,Jun,United States,650,357,Low
2021,Jun,Netherlands,520,286,Low
2021,Jun,Italy,520,286,Low
2021,Jun,Spain,260,143,Low
2021,Jun,Poland,260,143,Low
2021,Jun,Japan,130,71,Low
2021,Jun,South Korea,130,71,Low
2021,Jun,UAE,130,71,Low
2021,Jun,Saudi Arabia,130,71,Low
2021,Jun,Qatar,130,71,Low
2021,Jun,Other,1691,930,Moderate
2021,Jul,India,4268,2347,Moderate
2021,Jul,United Kingdom,1707,939,Moderate
2021,Jul,Russia,1536,845,Low
2021,Jul,Germany,1365,751,Low
2021,Jul,China,1195,657,Low
2021,Jul,France,1024,563,Low
2021,Jul,Australia,853,469,Low
2021,Jul,United States,853,469,Low
2021,Jul,Netherlands,682,375,Low
2021,Jul,Italy,682,375,Low
2021,Jul,Spain,341,187,Low
2021,Jul,Poland,341,187,Low
2021,Jul,Japan,170,93,Low
2021,Jul,South Korea,170,93,Low
2021,Jul,UAE,170,93,Low
2021,Jul,Saudi Arabia,170,93,Low
2021,Jul,Qatar,170,93,Low
2021,Jul,Other,2219,1220,Moderate
2021,Aug,India,4471,2459,Moderate
2021,Aug,United Kingdom,1788,983,Moderate
2021,Aug,Russia,1609,885,Moderate
2021,Aug,Germany,1430,786,Low
2021,Aug,China,1252,688,Low
2021,Aug,France,1073,590,Low
2021,Aug,Australia,894,491,Low
2021,Aug,United States,894,491,Low
2021,Aug,Netherlands,715,393,Low
2021,Aug,Italy,715,393,Low
2021,Aug,Spain,357,196,Low
2021,Aug,Poland,357,196,Low
2021,Aug,Japan,178,98,Low
2021,Aug,South Korea,178,98,Low
2021,Aug,UAE,178,98,Low
2021,Aug,Saudi Arabia,178,98,Low
2021,Aug,Qatar,178,98,Low
2021,Aug,Other,2325,1278,Moderate
2021,Sep,India,3455,1900,Moderate
2021,Sep,United Kingdom,1382,760,Low
2021,Sep,Russia,1243,684,Low
2021,Sep,Germany,1105,608,Low
2021,Sep,China,967,532,Low
2021,Sep,France,829,456,Low
2021,Sep,Australia,691,380,Low
2021,Sep,United States,691,380,Low
2021,Sep,Netherlands,552,304,Low
2021,Sep,Italy,552,304,Low
2021,Sep,Spain,276,152,Low
2021,Sep,Poland,276,152,Low
2021,Sep,Japan,138,76,Low
2021,Sep,South Korea,138,76,Low
2021,Sep,UAE,138,76,Low
2021,Sep,Saudi Arabia,138,76,Low
2021,Sep,Qatar,138,76,Low
2021,Sep,Other,1796,988,Moderate
2021,Oct,India,3658,2012,Moderate
2021,Oct,United Kingdom,1463,804,Low
2021,Oct,Russia,1317,724,Low
2021,Oct,Germany,1170,643,Low
2021,Oct,China,1024,563,Low
2021,Oct,France,878,482,Low
2021,Oct,Australia,731,402,Low
2021,Oct,United States,731,402,Low
2021,Oct,Netherlands,585,321,Low
2021,Oct,Italy,585,321,Low
2021,Oct,Spain,292,160,Low
2021,Oct,Poland,292,160,Low
2021,Oct,Japan,146,80,Low
2021,Oct,South Korea,146,80,Low
2021,Oct,UAE,146,80,Low
2021,Oct,Saudi Arabia,146,80,Low
2021,Oct,Qatar,146,80,Low
2021,Oct,Other,1902,1046,Moderate
2021,Nov,India,4065,2235,Moderate
2021,Nov,United Kingdom,1626,894,Moderate
2021,Nov,Russia,1463,804,Low
2021,Nov,Germany,1300,715,Low
2021,Nov,China,1138,626,Low
2021,Nov,France,975,536,Low
2021,Nov,Australia,813,447,Low
2021,Nov,United States,813,447,Low
2021,Nov,Netherlands,650,357,Low
2021,Nov,Italy,650,357,Low
2021,Nov,Spain,325,178,Low
2021,Nov,Poland,325,178,Low
2021,Nov,Japan,162,89,Low
2021,Nov,South Korea,162,89,Low
2021,Nov,UAE,162,89,Low
2021,Nov,Saudi Arabia,162,89,Low
2021,Nov,Qatar,162,89,Low
2021,Nov,Other,2113,1162,Moderate
2021,Dec,India,5284,2906,Moderate
2021,Dec,United Kingdom,2113,1162,Moderate
2021,Dec,Russia,1902,1046,Moderate
2021,Dec,Germany,1691,930,Moderate
2021,Dec,China,1479,813,Low
2021,Dec,France,1268,697,Low
2021,Dec,Australia,1056,581,Low
2021,Dec,United States,1056,581,Low
2021,Dec,Netherlands,845,465,Low
2021,Dec,Italy,845,465,Low
2021,Dec,Spain,422,232,Low
2021,Dec,Poland,422,232,Low
2021,Dec,Japan,211,116,Low
2021,Dec,South Korea,211,116,Low
2021,Dec,UAE,211,116,Low
2021,Dec,Saudi Arabia,211,116,Low
2021,Dec,Qatar,211,116,Low
2021,Dec,Other,2747,1511,Moderate
2022,Jan,India,20325,11178,High
2022,Jan,United Kingdom,8130,4471,Moderate
2022,Jan,Russia,7317,4024,Moderate
2022,Jan,Germany,6504,3577,Moderate
2022,Jan,China,5691,3130,Moderate
2022,Jan,France,4878,2682,Moderate
2022,Jan,Australia,4065,2235,Moderate
2022,Jan,United States,4065,2235,Moderate
2022,Jan,Netherlands,3252,1788,Moderate
2022,Jan,Italy,3252,1788,Moderate
2022,Jan,Spain,1626,894,Moderate
2022,Jan,Poland,1626,894,Moderate
2022,Jan,Japan,813,447,Low
2022,Jan,South Korea,813,447,Low
2022,Jan,UAE,813,447,Low
2022,Jan,Saudi Arabia,813,447,Low
2022,Jan,Qatar,813,447,Low
2022,Jan,Other,10569,5813,High
2022,Feb,India,19512,10731,High
2022,Feb,United Kingdom,7804,4292,Moderate
2022,Feb,Russia,7024,3863,Moderate
2022,Feb,Germany,6243,3434,Moderate
2022,Feb,China,5463,3004,Moderate
2022,Feb,France,4682,2575,Moderate
2022,Feb,Australia,3902,2146,Moderate
2022,Feb,United States,3902,2146,Moderate
2022,Feb,Netherlands,3121,1717,Moderate
2022,Feb,Italy,3121,1717,Moderate
2022,Feb,Spain,1560,858,Low
2022,Feb,Poland,1560,858,Low
2022,Feb,Japan,780,429,Low
2022,Feb,South Korea,780,429,Low
2022,Feb,UAE,780,429,Low
2022,Feb,Saudi Arabia,780,429,Low
2022,Feb,Qatar,780,429,Low
2022,Feb,Other,10146,5580,Moderate
2022,Mar,India,18699,10284,High
2022,Mar,United Kingdom,7479,4113,Moderate
2022,Mar,Russia,6731,3702,Moderate
2022,Mar,Germany,5983,3291,Moderate
2022,Mar,China,5235,2879,Moderate
2022,Mar,France,4487,2468,Moderate
2022,Mar,Australia,3739,2056,Moderate
2022,Mar,United States,3739,2056,Moderate
2022,Mar,Netherlands,2991,1645,Moderate
2022,Mar,Italy,2991,1645,Moderate
2022,Mar,Spain,1495,822,Low
2022,Mar,Poland,1495,822,Low
2022,Mar,Japan,747,411,Low
2022,Mar,South Korea,747,411,Low
2022,Mar,UAE,747,411,Low
2022,Mar,Saudi Arabia,747,411,Low
2022,Mar,Qatar,747,411,Low
2022,Mar,Other,9723,5347,Moderate
2022,Apr,India,15447,8495,High
2022,Apr,United Kingdom,6178,3398,Moderate
2022,Apr,Russia,5560,3058,Moderate
2022,Apr,Germany,4943,2718,Moderate
2022,Apr,China,4325,2378,Moderate
2022,Apr,France,3707,2039,Moderate
2022,Apr,Australia,3089,1699,Moderate
2022,Apr,United States,3089,1699,Moderate
2022,Apr,Netherlands,2471,1359,Moderate
2022,Apr,Italy,2471,1359,Moderate
2022,Apr,Spain,1235,679,Low
2022,Apr,Poland,1235,679,Low
2022,Apr,Japan,617,339,Low
2022,Apr,South Korea,617,339,Low
2022,Apr,UAE,617,339,Low
2022,Apr,Saudi Arabia,617,339,Low
2022,Apr,Qatar,617,339,Low
2022,Apr,Other,8032,4417,Moderate
2022,May,India,12195,6707,High
2022,May,United Kingdom,4878,2682,Moderate
2022,May,Russia,4390,2414,Moderate
2022,May,Germany,3902,2146,Moderate
2022,May,China,3414,1878,Moderate
2022,May,France,2926,1609,Moderate
2022,May,Australia,2439,1341,Moderate
2022,May,United States,2439,1341,Moderate
2022,May,Netherlands,1951,1073,Moderate
2022,May,Italy,1951,1073,Moderate
2022,May,Spain,975,536,Low
2022,May,Poland,975,536,Low
2022,May,Japan,487,268,Low
2022,May,South Korea,487,268,Low
2022,May,UAE,487,268,Low
2022,May,Saudi Arabia,487,268,Low
2022,May,Qatar,487,268,Low
2022,May,Other,6341,3487,Moderate
2022,Jun,India,13008,7154,High
2022,Jun,United Kingdom,5203,2861,Moderate
2022,Jun,Russia,4682,2575,Moderate
2022,Jun,Germany,4162,2289,Moderate
2022,Jun,China,3642,2003,Moderate
2022,Jun,France,3121,1717,Moderate
2022,Jun,Australia,2601,1430,Moderate
2022,Jun,United States,2601,1430,Moderate
2022,Jun,Netherlands,2081,1144,Moderate
2022,Jun,Italy,2081,1144,Moderate
2022,Jun,Spain,1040,572,Low
2022,Jun,Poland,1040,572,Low
2022,Jun,Japan,520,286,Low
2022,Jun,South Korea,520,286,Low
2022,Jun,UAE,520,286,Low
2022,Jun,Saudi Arabia,520,286,Low
2022,Jun,Qatar,520,286,Low
2022,Jun,Other,6764,3720,Moderate
2022,Jul,India,17073,9390,High
2022,Jul,United Kingdom,6829,3756,Moderate
2022,Jul,Russia,6146,3380,Moderate
2022,Jul,Germany,5463,3004,Moderate
2022,Jul,China,4780,2629,Moderate
2022,Jul,France,4097,2253,Moderate
2022,Jul,Australia,3414,1878,Moderate
2022,Jul,United States,3414,1878,Moderate
2022,Jul,Netherlands,2731,1502,Moderate
2022,Jul,Italy,2731,1502,Moderate
2022,Jul,Spain,1365,751,Low
2022,Jul,Poland,1365,751,Low
2022,Jul,Japan,682,375,Low
2022,Jul,South Korea,682,375,Low
2022,Jul,UAE,682,375,Low
2022,Jul,Saudi Arabia,682,375,Low
2022,Jul,Qatar,682,375,Low
2022,Jul,Other,8878,4882,Moderate
2022,Aug,India,17886,9837,High
2022,Aug,United Kingdom,7154,3934,Moderate
2022,Aug,Russia,6439,3541,Moderate
2022,Aug,Germany,5723,3147,Moderate
2022,Aug,China,5008,2754,Moderate
2022,Aug,France,4292,2360,Moderate
2022,Aug,Australia,3577,1967,Moderate
2022,Aug,United States,3577,1967,Moderate
2022,Aug,Netherlands,2861,1573,Moderate
2022,Aug,Italy,2861,1573,Moderate
2022,Aug,Spain,1430,786,Low
2022,Aug,Poland,1430,786,Low
2022,Aug,Japan,715,393,Low
2022,Aug,South Korea,715,393,Low
2022,Aug,UAE,715,393,Low
2022,Aug,Saudi Arabia,715,393,Low
2022,Aug,Qatar,715,393,Low
2022,Aug,Other,9300,5115,Moderate
2022,Sep,India,13821,7601,High
2022,Sep,United Kingdom,5528,3040,Moderate
2022,Sep,Russia,4975,2736,Moderate
2022,Sep,Germany,4422,2432,Moderate
2022,Sep,China,3869,2128,Moderate
2022,Sep,France,3317,1824,Moderate
2022,Sep,Australia,2764,1520,Moderate
2022,Sep,United States,2764,1520,Moderate
2022,Sep,Netherlands,2211,1216,Moderate
2022,Sep,Italy,2211,1216,Moderate
2022,Sep,Spain,1105,608,Low
2022,Sep,Poland,1105,608,Low
2022,Sep,Japan,552,304,Low
2022,Sep,South Korea,552,304,Low
2022,Sep,UAE,552,304,Low
2022,Sep,Saudi Arabia,552,304,Low
2022,Sep,Qatar,552,304,Low
2022,Sep,Other,7186,3952,Moderate
2022,Oct,India,14634,8048,High
2022,Oct,United Kingdom,5853,3219,Moderate
2022,Oct,Russia,5268,2897,Moderate
2022,Oct,Germany,4682,2575,Moderate
2022,Oct,China,4097,2253,Moderate
2022,Oct,France,3512,1931,Moderate
2022,Oct,Australia,2926,1609,Moderate
2022,Oct,United States,2926,1609,Moderate
2022,Oct,Netherlands,2341,1287,Moderate
2022,Oct,Italy,2341,1287,Moderate
2022,Oct,Spain,1170,643,Low
2022,Oct,Poland,1170,643,Low
2022,Oct,Japan,585,321,Low
2022,Oct,South Korea,585,321,Low
2022,Oct,UAE,585,321,Low
2022,Oct,Saudi Arabia,585,321,Low
2022,Oct,Qatar,585,321,Low
2022,Oct,Other,7609,4185,Moderate
2022,Nov,India,16260,8943,High
2022,Nov,United Kingdom,6504,3577,Moderate
2022,Nov,Russia,5853,3219,Moderate
2022,Nov,Germany,5203,2861,Moderate
2022,Nov,China,4552,2504,Moderate
2022,Nov,France,3902,2146,Moderate
2022,Nov,Australia,3252,1788,Moderate
2022,Nov,United States,3252,1788,Moderate
2022,Nov,Netherlands,2601,1430,Moderate
2022,Nov,Italy,2601,1430,Moderate
2022,Nov,Spain,1300,715,Low
2022,Nov,Poland,1300,715,Low
2022,Nov,Japan,650,357,Low
2022,Nov,South Korea,650,357,Low
2022,Nov,UAE,650,357,Low
2022,Nov,Saudi Arabia,650,357,Low
2022,Nov,Qatar,650,357,Low
2022,Nov,Other,8455,4650,Moderate
2022,Dec,India,21138,11626,High
2022,Dec,United Kingdom,8455,4650,Moderate
2022,Dec,Russia,7609,4185,Moderate
2022,Dec,Germany,6764,3720,Moderate
2022,Dec,China,5918,3255,Moderate
2022,Dec,France,5073,2790,Moderate
2022,Dec,Australia,4227,2325,Moderate
2022,Dec,United States,4227,2325,Moderate
2022,Dec,Netherlands,3382,1860,Moderate
2022,Dec,Italy,3382,1860,Moderate
2022,Dec,Spain,1691,930,Moderate
2022,Dec,Poland,1691,930,Moderate
2022,Dec,Japan,845,465,Low
2022,Dec,South Korea,845,465,Low
2022,Dec,UAE,845,465,Low
2022,Dec,Saudi Arabia,845,465,Low
2022,Dec,Qatar,845,465,Low
2022,Dec,Other,10991,6045,High
2023,Jan,India,38109,20960,High
2023,Jan,United Kingdom,15243,8384,High
2023,Jan,Russia,13719,7545,High
2023,Jan,Germany,12195,6707,High
2023,Jan,China,10670,5868,High
2023,Jan,France,9146,5030,Moderate
2023,Jan,Australia,7621,4192,Moderate
2023,Jan,United States,7621,4192,Moderate
2023,Jan,Netherlands,6097,3353,Moderate
2023,Jan,Italy,6097,3353,Moderate
2023,Jan,Spain,3048,1676,Moderate
2023,Jan,Poland,3048,1676,Moderate
2023,Jan,Japan,1524,838,Low
2023,Jan,South Korea,1524,838,Low
2023,Jan,UAE,1524,838,Low
2023,Jan,Saudi Arabia,1524,838,Low
2023,Jan,Qatar,1524,838,Low
2023,Jan,Other,19817,10899,High
2023,Feb,India,36585,20121,High
2023,Feb,United Kingdom,14634,8048,High
2023,Feb,Russia,13170,7243,High
2023,Feb,Germany,11707,6439,High
2023,Feb,China,10243,5634,Moderate
2023,Feb,France,8780,4829,Moderate
2023,Feb,Australia,7317,4024,Moderate
2023,Feb,United States,7317,4024,Moderate
2023,Feb,Netherlands,5853,3219,Moderate
2023,Feb,Italy,5853,3219,Moderate
2023,Feb,Spain,2926,1609,Moderate
2023,Feb,Poland,2926,1609,Moderate
2023,Feb,Japan,1463,804,Low
2023,Feb,South Korea,1463,804,Low
2023,Feb,UAE,1463,804,Low
2023,Feb,Saudi Arabia,1463,804,Low
2023,Feb,Qatar,1463,804,Low
2023,Feb,Other,19024,10463,High
2023,Mar,India,35060,19283,High
2023,Mar,United Kingdom,14024,7713,High
2023,Mar,Russia,12621,6942,High
2023,Mar,Germany,11219,6170,High
2023,Mar,China,9817,5399,Moderate
2023,Mar,France,8414,4628,Moderate
2023,Mar,Australia,7012,3856,Moderate
2023,Mar,United States,7012,3856,Moderate
2023,Mar,Netherlands,5609,3085,Moderate
2023,Mar,Italy,5609,3085,Moderate
2023,Mar,Spain,2804,1542,Moderate
2023,Mar,Poland,2804,1542,Moderate
2023,Mar,Japan,1402,771,Low
2023,Mar,South Korea,1402,771,Low
2023,Mar,UAE,1402,771,Low
2023,Mar,Saudi Arabia,1402,771,Low
2023,Mar,Qatar,1402,771,Low
2023,Mar,Other,18231,10027,High
2023,Apr,India,28963,15929,High
2023,Apr,United Kingdom,11585,6371,High
2023,Apr,Russia,10426,5734,High
2023,Apr,Germany,9268,5097,Moderate
2023,Apr,China,8109,4460,Moderate
2023,Apr,France,6951,3823,Moderate
2023,Apr,Australia,5792,3185,Moderate
2023,Apr,United States,5792,3185,Moderate
2023,Apr,Netherlands,4634,2548,Moderate
2023,Apr,Italy,4634,2548,Moderate
2023,Apr,Spain,2317,1274,Moderate
2023,Apr,Poland,2317,1274,Moderate
2023,Apr,Japan,1158,637,Low
2023,Apr,South Korea,1158,637,Low
2023,Apr,UAE,1158,637,Low
2023,Apr,Saudi Arabia,1158,637,Low
2023,Apr,Qatar,1158,637,Low
2023,Apr,Other,15060,8283,High
2023,May,India,22865,12576,High
2023,May,United Kingdom,9146,5030,Moderate
2023,May,Russia,8231,4527,Moderate
2023,May,Germany,7317,4024,Moderate
2023,May,China,6402,3521,Moderate
2023,May,France,5487,3018,Moderate
2023,May,Australia,4573,2515,Moderate
2023,May,United States,4573,2515,Moderate
2023,May,Netherlands,3658,2012,Moderate
2023,May,Italy,3658,2012,Moderate
2023,May,Spain,1829,1006,Moderate
2023,May,Poland,1829,1006,Moderate
2023,May,Japan,914,503,Low
2023,May,South Korea,914,503,Low
2023,May,UAE,914,503,Low
2023,May,Saudi Arabia,914,503,Low
2023,May,Qatar,914,503,Low
2023,May,Other,11890,6539,High
2023,Jun,India,24390,13414,High
2023,Jun,United Kingdom,9756,5365,Moderate
2023,Jun,Russia,8780,4829,Moderate
2023,Jun,Germany,7804,4292,Moderate
2023,Jun,China,6829,3756,Moderate
2023,Jun,France,5853,3219,Moderate
2023,Jun,Australia,4878,2682,Moderate
2023,Jun,United States,4878,2682,Moderate
2023,Jun,Netherlands,3902,2146,Moderate
2023,Jun,Italy,3902,2146,Moderate
2023,Jun,Spain,1951,1073,Moderate
2023,Jun,Poland,1951,1073,Moderate
2023,Jun,Japan,975,536,Low
2023,Jun,South Korea,975,536,Low
2023,Jun,UAE,975,536,Low
2023,Jun,Saudi Arabia,975,536,Low
2023,Jun,Qatar,975,536,Low
2023,Jun,Other,12682,6975,High
2023,Jul,India,32012,17606,High
2023,Jul,United Kingdom,12804,7042,High
2023,Jul,Russia,11524,6338,High
2023,Jul,Germany,10243,5634,Moderate
2023,Jul,China,8963,4929,Moderate
2023,Jul,France,7682,4225,Moderate
2023,Jul,Australia,6402,3521,Moderate
2023,Jul,United States,6402,3521,Moderate
2023,Jul,Netherlands,5121,2817,Moderate
2023,Jul,Italy,5121,2817,Moderate
2023,Jul,Spain,2560,1408,Moderate
2023,Jul,Poland,2560,1408,Moderate
2023,Jul,Japan,1280,704,Low
2023,Jul,South Korea,1280,704,Low
2023,Jul,UAE,1280,704,Low
2023,Jul,Saudi Arabia,1280,704,Low
2023,Jul,Qatar,1280,704,Low
2023,Jul,Other,16646,9155,High
2023,Aug,India,33536,18445,High
2023,Aug,United Kingdom,13414,7378,High
2023,Aug,Russia,12073,6640,High
2023,Aug,Germany,10731,5902,High
2023,Aug,China,9390,5164,Moderate
2023,Aug,France,8048,4426,Moderate
2023,Aug,Australia,6707,3689,Moderate
2023,Aug,United States,6707,3689,Moderate
2023,Aug,Netherlands,5365,2951,Moderate
2023,Aug,Italy,5365,2951,Moderate
2023,Aug,Spain,2682,1475,Moderate
2023,Aug,Poland,2682,1475,Moderate
2023,Aug,Japan,1341,737,Low
2023,Aug,South Korea,1341,737,Low
2023,Aug,UAE,1341,737,Low
2023,Aug,Saudi Arabia,1341,737,Low
2023,Aug,Qatar,1341,737,Low
2023,Aug,Other,17439,9591,High
2023,Sep,India,25914,14253,High
2023,Sep,United Kingdom,10365,5701,High
2023,Sep,Russia,9329,5131,Moderate
2023,Sep,Germany,8292,4560,Moderate
2023,Sep,China,7256,3990,Moderate
2023,Sep,France,6219,3420,Moderate
2023,Sep,Australia,5182,2850,Moderate
2023,Sep,United States,5182,2850,Moderate
2023,Sep,Netherlands,4146,2280,Moderate
2023,Sep,Italy,4146,2280,Moderate
2023,Sep,Spain,2073,1140,Moderate
2023,Sep,Poland,2073,1140,Moderate
2023,Sep,Japan,1036,570,Low
2023,Sep,South Korea,1036,570,Low
2023,Sep,UAE,1036,570,Low
2023,Sep,Saudi Arabia,1036,570,Low
2023,Sep,Qatar,1036,570,Low
2023,Sep,Other,13475,7411,High
2023,Oct,India,27439,15091,High
2023,Oct,United Kingdom,10975,6036,High
2023,Oct,Russia,9878,5432,Moderate
2023,Oct,Germany,8780,4829,Moderate
2023,Oct,China,7682,4225,Moderate
2023,Oct,France,6585,3621,Moderate
2023,Oct,Australia,5487,3018,Moderate
2023,Oct,United States,5487,3018,Moderate
2023,Oct,Netherlands,4390,2414,Moderate
2023,Oct,Italy,4390,2414,Moderate
2023,Oct,Spain,2195,1207,Moderate
2023,Oct,Poland,2195,1207,Moderate
2023,Oct,Japan,1097,603,Low
2023,Oct,South Korea,1097,603,Low
2023,Oct,UAE,1097,603,Low
2023,Oct,Saudi Arabia,1097,603,Low
2023,Oct,Qatar,1097,603,Low
2023,Oct,Other,14268,7847,High
2023,Nov,India,30487,16768,High
2023,Nov,United Kingdom,12195,6707,High
2023,Nov,Russia,10975,6036,High
2023,Nov,Germany,9756,5365,Moderate
2023,Nov,China,8536,4695,Moderate
2023,Nov,France,7317,4024,Moderate
2023,Nov,Australia,6097,3353,Moderate
2023,Nov,United States,6097,3353,Moderate
2023,Nov,Netherlands,4878,2682,Moderate
2023,Nov,Italy,4878,2682,Moderate
2023,Nov,Spain,2439,1341,Moderate
2023,Nov,Poland,2439,1341,Moderate
2023,Nov,Japan,1219,670,Low
2023,Nov,South Korea,1219,670,Low
2023,Nov,UAE,1219,670,Low
2023,Nov,Saudi Arabia,1219,670,Low
2023,Nov,Qatar,1219,670,Low
2023,Nov,Other,15853,8719,High
2023,Dec,India,39634,21798,High
2023,Dec,United Kingdom,15853,8719,High
2023,Dec,Russia,14268,7847,High
2023,Dec,Germany,12682,6975,High
2023,Dec,China,11097,6103,High
2023,Dec,France,9512,5231,Moderate
2023,Dec,Australia,7926,4359,Moderate
2023,Dec,United States,7926,4359,Moderate
2023,Dec,Netherlands,6341,3487,Moderate
2023,Dec,Italy,6341,3487,Moderate
2023,Dec,Spain,3170,1743,Moderate
2023,Dec,Poland,3170,1743,Moderate
2023,Dec,Japan,1585,871,Low
2023,Dec,South Korea,1585,871,Low
2023,Dec,UAE,1585,871,Low
2023,Dec,Saudi Arabia,1585,871,Low
2023,Dec,Qatar,1585,871,Low
2023,Dec,Other,20609,11335,High
2024,Jan,India,53353,29344,High
2024,Jan,United Kingdom,21341,11737,High
2024,Jan,Russia,19207,10564,High
2024,Jan,Germany,17073,9390,High
2024,Jan,China,14939,8216,High
2024,Jan,France,12804,7042,High
2024,Jan,Australia,10670,5868,High
2024,Jan,United States,10670,5868,High
2024,Jan,Netherlands,8536,4695,Moderate
2024,Jan,Italy,8536,4695,Moderate
2024,Jan,Spain,4268,2347,Moderate
2024,Jan,Poland,4268,2347,Moderate
2024,Jan,Japan,2134,1173,Moderate
2024,Jan,South Korea,2134,1173,Moderate
2024,Jan,UAE,2134,1173,Moderate
2024,Jan,Saudi Arabia,2134,1173,Moderate
2024,Jan,Qatar,2134,1173,Moderate
2024,Jan,Other,27743,15259,High
2024,Feb,India,51219,28170,High
2024,Feb,United Kingdom,20487,11268,High
2024,Feb,Russia,18439,10141,High
2024,Feb,Germany,16390,9014,High
2024,Feb,China,14341,7887,High
2024,Feb,France,12292,6760,High
2024,Feb,Australia,10243,5634,Moderate
2024,Feb,United States,10243,5634,Moderate
2024,Feb,Netherlands,8195,4507,Moderate
2024,Feb,Italy,8195,4507,Moderate
2024,Feb,Spain,4097,2253,Moderate
2024,Feb,Poland,4097,2253,Moderate
2024,Feb,Japan,2048,1126,Moderate
2024,Feb,South Korea,2048,1126,Moderate
2024,Feb,UAE,2048,1126,Moderate
2024,Feb,Saudi Arabia,2048,1126,Moderate
2024,Feb,Qatar,2048,1126,Moderate
2024,Feb,Other,26634,14648,High
2024,Mar,India,49085,26996,High
2024,Mar,United Kingdom,19634,10798,High
2024,Mar,Russia,17670,9718,High
2024,Mar,Germany,15707,8639,High
2024,Mar,China,13743,7559,High
2024,Mar,France,11780,6479,High
2024,Mar,Australia,9817,5399,Moderate
2024,Mar,United States,9817,5399,Moderate
2024,Mar,Netherlands,7853,4319,Moderate
2024,Mar,Italy,7853,4319,Moderate
2024,Mar,Spain,3926,2159,Moderate
2024,Mar,Poland,3926,2159,Moderate
2024,Mar,Japan,1963,1079,Moderate
2024,Mar,South Korea,1963,1079,Moderate
2024,Mar,UAE,1963,1079,Moderate
2024,Mar,Saudi Arabia,1963,1079,Moderate
2024,Mar,Qatar,1963,1079,Moderate
2024,Mar,Other,25524,14038,High
2024,Apr,India,40548,22301,High
2024,Apr,United Kingdom,16219,8920,High
2024,Apr,Russia,14597,8028,High
2024,Apr,Germany,12975,7136,High
2024,Apr,China,11353,6244,High
2024,Apr,France,9731,5352,Moderate
2024,Apr,Australia,8109,4460,Moderate
2024,Apr,United States,8109,4460,Moderate
2024,Apr,Netherlands,6487,3568,Moderate
2024,Apr,Italy,6487,3568,Moderate
2024,Apr,Spain,3243,1784,Moderate
2024,Apr,Poland,3243,1784,Moderate
2024,Apr,Japan,1621,892,Moderate
2024,Apr,South Korea,1621,892,Moderate
2024,Apr,UAE,1621,892,Moderate
2024,Apr,Saudi Arabia,1621,892,Moderate
2024,Apr,Qatar,1621,892,Moderate
2024,Apr,Other,21085,11596,High
2024,May,India,32012,17606,High
2024,May,United Kingdom,12804,7042,High
2024,May,Russia,11524,6338,High
2024,May,Germany,10243,5634,Moderate
2024,May,China,8963,4929,Moderate
2024,May,France,7682,4225,Moderate
2024,May,Australia,6402,3521,Moderate
2024,May,United States,6402,3521,Moderate
2024,May,Netherlands,5121,2817,Moderate
2024,May,Italy,5121,2817,Moderate
2024,May,Spain,2560,1408,Moderate
2024,May,Poland,2560,1408,Moderate
2024,May,Japan,1280,704,Low
2024,May,South Korea,1280,704,Low
2024,May,UAE,1280,704,Low
2024,May,Saudi Arabia,1280,704,Low
2024,May,Qatar,1280,704,Low
2024,May,Other,16646,9155,High
2024,Jun,India,34146,18780,High
2024,Jun,United Kingdom,13658,7512,High
2024,Jun,Russia,12292,6760,High
2024,Jun,Germany,10926,6009,High
2024,Jun,China,9560,5258,Moderate
2024,Jun,France,8195,4507,Moderate
2024,Jun,Australia,6829,3756,Moderate
2024,Jun,United States,6829,3756,Moderate
2024,Jun,Netherlands,5463,3004,Moderate
2024,Jun,Italy,5463,3004,Moderate
2024,Jun,Spain,2731,1502,Moderate
2024,Jun,Poland,2731,1502,Moderate
2024,Jun,Japan,1365,751,Low
2024,Jun,South Korea,1365,751,Low
2024,Jun,UAE,1365,751,Low
2024,Jun,Saudi Arabia,1365,751,Low
2024,Jun,Qatar,1365,751,Low
2024,Jun,Other,17756,9765,High
2024,Jul,India,44817,24649,High
2024,Jul,United Kingdom,17926,9859,High
2024,Jul,Russia,16134,8873,High
2024,Jul,Germany,14341,7887,High
2024,Jul,China,12548,6901,High
2024,Jul,France,10756,5915,High
2024,Jul,Australia,8963,4929,Moderate
2024,Jul,United States,8963,4929,Moderate
2024,Jul,Netherlands,7170,3943,Moderate
2024,Jul,Italy,7170,3943,Moderate
2024,Jul,Spain,3585,1971,Moderate
2024,Jul,Poland,3585,1971,Moderate
2024,Jul,Japan,1792,985,Moderate
2024,Jul,South Korea,1792,985,Moderate
2024,Jul,UAE,1792,985,Moderate
2024,Jul,Saudi Arabia,1792,985,Moderate
2024,Jul,Qatar,1792,985,Moderate
2024,Jul,Other,23304,12817,High
2024,Aug,India,46951,25823,High
2024,Aug,United Kingdom,18780,10329,High
2024,Aug,Russia,16902,9296,High
2024,Aug,Germany,15024,8263,High
2024,Aug,China,13146,7230,High
2024,Aug,France,11268,6197,High
2024,Aug,Australia,9390,5164,Moderate
2024,Aug,United States,9390,5164,Moderate
2024,Aug,Netherlands,7512,4131,Moderate
2024,Aug,Italy,7512,4131,Moderate
2024,Aug,Spain,3756,2065,Moderate
2024,Aug,Poland,3756,2065,Moderate
2024,Aug,Japan,1878,1032,Moderate
2024,Aug,South Korea,1878,1032,Moderate
2024,Aug,UAE,1878,1032,Moderate
2024,Aug,Saudi Arabia,1878,1032,Moderate
2024,Aug,Qatar,1878,1032,Moderate
2024,Aug,Other,24414,13428,High
2024,Sep,India,36280,19954,High
2024,Sep,United Kingdom,14512,7981,High
2024,Sep,Russia,13060,7183,High
2024,Sep,Germany,11609,6385,High
2024,Sep,China,10158,5587,Moderate
2024,Sep,France,8707,4789,Moderate
2024,Sep,Australia,7256,3990,Moderate
2024,Sep,United States,7256,3990,Moderate
2024,Sep,Netherlands,5804,3192,Moderate
2024,Sep,Italy,5804,3192,Moderate
2024,Sep,Spain,2902,1596,Moderate
2024,Sep,Poland,2902,1596,Moderate
2024,Sep,Japan,1451,798,Low
2024,Sep,South Korea,1451,798,Low
2024,Sep,UAE,1451,798,Low
2024,Sep,Saudi Arabia,1451,798,Low
2024,Sep,Qatar,1451,798,Low
2024,Sep,Other,18865,10376,High
2024,Oct,India,38414,21128,High
2024,Oct,United Kingdom,15365,8451,High
2024,Oct,Russia,13829,7606,High
2024,Oct,Germany,12292,6760,High
2024,Oct,China,10756,5915,High
2024,Oct,France,9219,5070,Moderate
2024,Oct,Australia,7682,4225,Moderate
2024,Oct,United States,7682,4225,Moderate
2024,Oct,Netherlands,6146,3380,Moderate
2024,Oct,Italy,6146,3380,Moderate
2024,Oct,Spain,3073,1690,Moderate
2024,Oct,Poland,3073,1690,Moderate
2024,Oct,Japan,1536,845,Low
2024,Oct,South Korea,1536,845,Low
2024,Oct,UAE,1536,845,Low
2024,Oct,Saudi Arabia,1536,845,Low
2024,Oct,Qatar,1536,845,Low
2024,Oct,Other,19975,10986,High
2024,Nov,India,42682,23475,High
2024,Nov,United Kingdom,17073,9390,High
2024,Nov,Russia,15365,8451,High
2024,Nov,Germany,13658,7512,High
2024,Nov,China,11951,6573,High
2024,Nov,France,10243,5634,Moderate
2024,Nov,Australia,8536,4695,Moderate
2024,Nov,United States,8536,4695,Moderate
2024,Nov,Netherlands,6829,3756,Moderate
2024,Nov,Italy,6829,3756,Moderate
2024,Nov,Spain,3414,1878,Moderate
2024,Nov,Poland,3414,1878,Moderate
2024,Nov,Japan,1707,939,Moderate
2024,Nov,South Korea,1707,939,Moderate
2024,Nov,UAE,1707,939,Moderate
2024,Nov,Saudi Arabia,1707,939,Moderate
2024,Nov,Qatar,1707,939,Moderate
2024,Nov,Other,22195,12207,High
2024,Dec,India,55487,30518,High
2024,Dec,United Kingdom,22195,12207,High
2024,Dec,Russia,19975,10986,High
2024,Dec,Germany,17756,9765,High
2024,Dec,China,15536,8545,High
2024,Dec,France,13317,7324,High
2024,Dec,Australia,11097,6103,High
2024,Dec,United States,11097,6103,High
2024,Dec,Netherlands,8878,4882,Moderate
2024,Dec,Italy,8878,4882,Moderate
2024,Dec,Spain,4439,2441,Moderate
2024,Dec,Poland,4439,2441,Moderate
2024,Dec,Japan,2219,1220,Moderate
2024,Dec,South Korea,2219,1220,Moderate
2024,Dec,UAE,2219,1220,Moderate
2024,Dec,Saudi Arabia,2219,1220,Moderate
2024,Dec,Qatar,2219,1220,Moderate
2024,Dec,Other,28853,15869,High
2025,Jan,India,58434,32139,High
2025,Jan,United Kingdom,23373,12855,High
2025,Jan,Russia,21036,11570,High
2025,Jan,Germany,18699,10284,High
2025,Jan,China,16361,8998,High
2025,Jan,France,14024,7713,High
2025,Jan,Australia,11686,6427,High
2025,Jan,United States,11686,6427,High
2025,Jan,Netherlands,9349,5142,Moderate
2025,Jan,Italy,9349,5142,Moderate
2025,Jan,Spain,4674,2571,Moderate
2025,Jan,Poland,4674,2571,Moderate
2025,Jan,Japan,2337,1285,Moderate
2025,Jan,South Korea,2337,1285,Moderate
2025,Jan,UAE,2337,1285,Moderate
2025,Jan,Saudi Arabia,2337,1285,Moderate
2025,Jan,Qatar,2337,1285,Moderate
2025,Jan,Other,30386,16712,High
2025,Feb,India,56097,30853,High
2025,Feb,United Kingdom,22439,12341,High
2025,Feb,Russia,20195,11107,High
2025,Feb,Germany,17951,9873,High
2025,Feb,China,15707,8639,High
2025,Feb,France,13463,7404,High
2025,Feb,Australia,11219,6170,High
2025,Feb,United States,11219,6170,High
2025,Feb,Netherlands,8975,4936,Moderate
2025,Feb,Italy,8975,4936,Moderate
2025,Feb,Spain,4487,2468,Moderate
2025,Feb,Poland,4487,2468,Moderate
2025,Feb,Japan,2243,1234,Moderate
2025,Feb,South Korea,2243,1234,Moderate
2025,Feb,UAE,2243,1234,Moderate
2025,Feb,Saudi Arabia,2243,1234,Moderate
2025,Feb,Qatar,2243,1234,Moderate
2025,Feb,Other,29170,16043,High
2025,Mar,India,53760,29568,High
2025,Mar,United Kingdom,21504,11827,High
2025,Mar,Russia,19353,10644,High
2025,Mar,Germany,17203,9461,High
2025,Mar,China,15052,8279,High
2025,Mar,France,12902,7096,High
2025,Mar,Australia,10752,5913,High
2025,Mar,United States,10752,5913,High
2025,Mar,Netherlands,8601,4730,Moderate
2025,Mar,Italy,8601,4730,Moderate
2025,Mar,Spain,4300,2365,Moderate
2025,Mar,Poland,4300,2365,Moderate
2025,Mar,Japan,2150,1182,Moderate
2025,Mar,South Korea,2150,1182,Moderate
2025,Mar,UAE,2150,1182,Moderate
2025,Mar,Saudi Arabia,2150,1182,Moderate
2025,Mar,Qatar,2150,1182,Moderate
2025,Mar,Other,27955,15375,High
2025,Apr,India,44410,24425,High
2025,Apr,United Kingdom,17764,9770,High
2025,Apr,Russia,15987,8793,High
2025,Apr,Germany,14211,7816,High
2025,Apr,China,12434,6839,High
2025,Apr,France,10658,5862,High
2025,Apr,Australia,8882,4885,Moderate
2025,Apr,United States,8882,4885,Moderate
2025,Apr,Netherlands,7105,3908,Moderate
2025,Apr,Italy,7105,3908,Moderate
2025,Apr,Spain,3552,1954,Moderate
2025,Apr,Poland,3552,1954,Moderate
2025,Apr,Japan,1776,977,Moderate
2025,Apr,South Korea,1776,977,Moderate
2025,Apr,UAE,1776,977,Moderate
2025,Apr,Saudi Arabia,1776,977,Moderate
2025,Apr,Qatar,1776,977,Moderate
2025,Apr,Other,23093,12701,High
2025,May,India,35060,19283,High
2025,May,United Kingdom,14024,7713,High
2025,May,Russia,12621,6942,High
2025,May,Germany,11219,6170,High
2025,May,China,9817,5399,Moderate
2025,May,France,8414,4628,Moderate
2025,May,Australia,7012,3856,Moderate
2025,May,United States,7012,3856,Moderate
2025,May,Netherlands,5609,3085,Moderate
2025,May,Italy,5609,3085,Moderate
2025,May,Spain,2804,1542,Moderate
2025,May,Poland,2804,1542,Moderate
2025,May,Japan,1402,771,Low
2025,May,South Korea,1402,771,Low
2025,May,UAE,1402,771,Low
2025,May,Saudi Arabia,1402,771,Low
2025,May,Qatar,1402,771,Low
2025,May,Other,18231,10027,High
2025,Jun,India,37398,20569,High
2025,Jun,United Kingdom,14959,8227,High
2025,Jun,Russia,13463,7404,High
2025,Jun,Germany,11967,6582,High
2025,Jun,China,10471,5759,High
2025,Jun,France,8975,4936,Moderate
2025,Jun,Australia,7479,4113,Moderate
2025,Jun,United States,7479,4113,Moderate
2025,Jun,Netherlands,5983,3291,Moderate
2025,Jun,Italy,5983,3291,Moderate
2025,Jun,Spain,2991,1645,Moderate
2025,Jun,Poland,2991,1645,Moderate
2025,Jun,Japan,1495,822,Low
2025,Jun,South Korea,1495,822,Low
2025,Jun,UAE,1495,822,Low
2025,Jun,Saudi Arabia,1495,822,Low
2025,Jun,Qatar,1495,822,Low
2025,Jun,Other,19447,10695,High
2025,Jul,India,49085,26996,High
2025,Jul,United Kingdom,19634,10798,High
2025,Jul,Russia,17670,9718,High
2025,Jul,Germany,15707,8639,High
2025,Jul,China,13743,7559,High
2025,Jul,France,11780,6479,High
2025,Jul,Australia,9817,5399,Moderate
2025,Jul,United States,9817,5399,Moderate
2025,Jul,Netherlands,7853,4319,Moderate
2025,Jul,Italy,7853,4319,Moderate
2025,Jul,Spain,3926,2159,Moderate
2025,Jul,Poland,3926,2159,Moderate
2025,Jul,Japan,1963,1079,Moderate
2025,Jul,South Korea,1963,1079,Moderate
2025,Jul,UAE,1963,1079,Moderate
2025,Jul,Saudi Arabia,1963,1079,Moderate
2025,Jul,Qatar,1963,1079,Moderate
2025,Jul,Other,25524,14038,High
2025,Aug,India,51422,28282,High
2025,Aug,United Kingdom,20569,11313,High
2025,Aug,Russia,18512,10181,High
2025,Aug,Germany,16455,9050,High
2025,Aug,China,14398,7919,High
2025,Aug,France,12341,6787,High
2025,Aug,Australia,10284,5656,High
2025,Aug,United States,10284,5656,High
2025,Aug,Netherlands,8227,4525,Moderate
2025,Aug,Italy,8227,4525,Moderate
2025,Aug,Spain,4113,2262,Moderate
2025,Aug,Poland,4113,2262,Moderate
2025,Aug,Japan,2056,1131,Moderate
2025,Aug,South Korea,2056,1131,Moderate
2025,Aug,UAE,2056,1131,Moderate
2025,Aug,Saudi Arabia,2056,1131,Moderate
2025,Aug,Qatar,2056,1131,Moderate
2025,Aug,Other,26739,14706,High
2025,Sep,India,39735,21854,High
2025,Sep,United Kingdom,15894,8741,High
2025,Sep,Russia,14304,7867,High
2025,Sep,Germany,12715,6993,High
2025,Sep,China,11126,6119,High
2025,Sep,France,9536,5245,Moderate
2025,Sep,Australia,7947,4370,Moderate
2025,Sep,United States,7947,4370,Moderate
2025,Sep,Netherlands,6357,3496,Moderate
2025,Sep,Italy,6357,3496,Moderate
2025,Sep,Spain,3178,1748,Moderate
2025,Sep,Poland,3178,1748,Moderate
2025,Sep,Japan,1589,874,Low
2025,Sep,South Korea,1589,874,Low
2025,Sep,UAE,1589,874,Low
2025,Sep,Saudi Arabia,1589,874,Low
2025,Sep,Qatar,1589,874,Low
2025,Sep,Other,20662,11364,High
2025,Oct,India,42073,23140,High
2025,Oct,United Kingdom,16829,9256,High
2025,Oct,Russia,15146,8330,High
2025,Oct,Germany,13463,7404,High
2025,Oct,China,11780,6479,High
2025,Oct,France,10097,5553,Moderate
2025,Oct,Australia,8414,4628,Moderate
2025,Oct,United States,8414,4628,Moderate
2025,Oct,Netherlands,6731,3702,Moderate
2025,Oct,Italy,6731,3702,Moderate
2025,Oct,Spain,3365,1851,Moderate
2025,Oct,Poland,3365,1851,Moderate
2025,Oct,Japan,1682,925,Moderate
2025,Oct,South Korea,1682,925,Moderate
2025,Oct,UAE,1682,925,Moderate
2025,Oct,Saudi Arabia,1682,925,Moderate
2025,Oct,Qatar,1682,925,Moderate
2025,Oct,Other,21878,12032,High
2025,Nov,India,46747,25711,High
2025,Nov,United Kingdom,18699,10284,High
2025,Nov,Russia,16829,9256,High
2025,Nov,Germany,14959,8227,High
2025,Nov,China,13089,7199,High
2025,Nov,France,11219,6170,High
2025,Nov,Australia,9349,5142,Moderate
2025,Nov,United States,9349,5142,Moderate
2025,Nov,Netherlands,7479,4113,Moderate
2025,Nov,Italy,7479,4113,Moderate
2025,Nov,Spain,3739,2056,Moderate
2025,Nov,Poland,3739,2056,Moderate
2025,Nov,Japan,1869,1028,Moderate
2025,Nov,South Korea,1869,1028,Moderate
2025,Nov,UAE,1869,1028,Moderate
2025,Nov,Saudi Arabia,1869,1028,Moderate
2025,Nov,Qatar,1869,1028,Moderate
2025,Nov,Other,24308,13369,High
2025,Dec,India,60772,33424,High
2025,Dec,United Kingdom,24308,13369,High
2025,Dec,Russia,21878,12032,High
2025,Dec,Germany,19447,10695,High
2025,Dec,China,17016,9358,High
2025,Dec,France,14585,8021,High
2025,Dec,Australia,12154,6684,High
2025,Dec,United States,12154,6684,High
2025,Dec,Netherlands,9723,5347,Moderate
2025,Dec,Italy,9723,5347,Moderate
2025,Dec,Spain,4861,2673,Moderate
2025,Dec,Poland,4861,2673,Moderate
2025,Dec,Japan,2430,1336,Moderate
2025,Dec,South Korea,2430,1336,Moderate
2025,Dec,UAE,2430,1336,Moderate
2025,Dec,Saudi Arabia,2430,1336,Moderate
2025,Dec,Qatar,2430,1336,Moderate
2025,Dec,Other,31601,17380,High
