Country,Tourist_Site,Issue_Type,Problem,Solution,Solution_Description
Peru,Machu Picchu,High Entry Fee,Tourists visiting Machu Picchu have reported issues related to high entry fee affecting their experience.,Tiered pricing system,"Introduce different ticket prices for locals, foreign tourists, students, and children to make entry more affordable."
Peru,Machu Picchu,Difficult Climb,Tourists visiting Machu Picchu have reported issues related to difficult climb affecting their experience.,Handrails and improved steps,Improve staircases with safety rails and anti‑slip steps to make climbing easier.
Peru,Machu Picchu,Overrated,Tourists visiting Machu Picchu have reported issues related to overrated affecting their experience.,Guided storytelling tours,Provide trained guides who explain the story and cultural value of the attraction.
Peru,Machu Picchu,Other Complaints,Tourists visiting Machu Picchu have reported issues related to other complaints affecting their experience.,Better directional signage,Install multilingual direction signs and tourist maps for easier navigation.
Peru,Machu Picchu,Crowding,Tourists visiting Machu Picchu have reported issues related to crowding affecting their experience.,Online reservation systems,Require advance booking to manage demand and reduce congestion.
Peru,Machu Picchu,Safety Concerns,Tourists visiting Machu Picchu have reported issues related to safety concerns affecting their experience.,CCTV monitoring,Use surveillance cameras to monitor risky areas and respond quickly to incidents.
Peru,Machu Picchu,Poor Staff Service,Tourists visiting Machu Picchu have reported issues related to poor staff service affecting their experience.,Hospitality training programs,Train tourism staff in customer service and communication skills.
France,Eiffel Tower,High Entry Fee,Tourists visiting Eiffel Tower have reported issues related to high entry fee affecting their experience.,Multi‑site tourist passes,Bundle multiple attractions into a single tourist pass so visitors feel they receive better value.
France,Eiffel Tower,Difficult Climb,Tourists visiting Eiffel Tower have reported issues related to difficult climb affecting their experience.,Clear difficulty information,Display clear difficulty warnings and route information before visitors start climbing.
France,Eiffel Tower,Overrated,Tourists visiting Eiffel Tower have reported issues related to overrated affecting their experience.,Augmented reality guides,Use AR mobile apps to show how the site looked historically and enrich the experience.
France,Eiffel Tower,Other Complaints,Tourists visiting Eiffel Tower have reported issues related to other complaints affecting their experience.,Better directional signage,Install multilingual direction signs and tourist maps for easier navigation.
France,Eiffel Tower,Crowding,Tourists visiting Eiffel Tower have reported issues related to crowding affecting their experience.,Timed ticket entry system,Allow visitors to enter only within specific time slots to distribute tourist flow.
France,Eiffel Tower,Safety Concerns,Tourists visiting Eiffel Tower have reported issues related to safety concerns affecting their experience.,Warning and hazard signs,Place visible warning signs in risky areas to prevent accidents.
France,Eiffel Tower,Poor Staff Service,Tourists visiting Eiffel Tower have reported issues related to poor staff service affecting their experience.,Hospitality training programs,Train tourism staff in customer service and communication skills.
China,Great Wall of China,High Entry Fee,Tourists visiting Great Wall of China have reported issues related to high entry fee affecting their experience.,Online discount tickets,Provide cheaper online advance tickets and off‑peak discounts to reduce complaints about price.
China,Great Wall of China,Difficult Climb,Tourists visiting Great Wall of China have reported issues related to difficult climb affecting their experience.,Clear difficulty information,Display clear difficulty warnings and route information before visitors start climbing.
China,Great Wall of China,Overrated,Tourists visiting Great Wall of China have reported issues related to overrated affecting their experience.,Augmented reality guides,Use AR mobile apps to show how the site looked historically and enrich the experience.
China,Great Wall of China,Other Complaints,Tourists visiting Great Wall of China have reported issues related to other complaints affecting their experience.,Better directional signage,Install multilingual direction signs and tourist maps for easier navigation.
China,Great Wall of China,Crowding,Tourists visiting Great Wall of China have reported issues related to crowding affecting their experience.,Daily visitor limits,Restrict the number of tourists allowed per day to prevent overcrowding.
China,Great Wall of China,Safety Concerns,Tourists visiting Great Wall of China have reported issues related to safety concerns affecting their experience.,Protective railings,Install strong safety railings along dangerous edges and high points.
China,Great Wall of China,Poor Staff Service,Tourists visiting Great Wall of China have reported issues related to poor staff service affecting their experience.,Multilingual staff hiring,Recruit staff who speak multiple languages to assist international tourists.
Japan,Mount Fuji,High Entry Fee,Tourists visiting Mount Fuji have reported issues related to high entry fee affecting their experience.,Tiered pricing system,"Introduce different ticket prices for locals, foreign tourists, students, and children to make entry more affordable."
Japan,Mount Fuji,Difficult Climb,Tourists visiting Mount Fuji have reported issues related to difficult climb affecting their experience.,Clear difficulty information,Display clear difficulty warnings and route information before visitors start climbing.
Japan,Mount Fuji,Overrated,Tourists visiting Mount Fuji have reported issues related to overrated affecting their experience.,Educational exhibitions,Install exhibitions and visual displays to help tourists understand the significance.
Japan,Mount Fuji,Other Complaints,Tourists visiting Mount Fuji have reported issues related to other complaints affecting their experience.,Improve sanitation facilities,Add clean restrooms and proper waste management systems across the site.
Japan,Mount Fuji,Crowding,Tourists visiting Mount Fuji have reported issues related to crowding affecting their experience.,Real‑time crowd monitoring,Use sensors or cameras to track crowd density and guide visitors to less busy areas.
Japan,Mount Fuji,Safety Concerns,Tourists visiting Mount Fuji have reported issues related to safety concerns affecting their experience.,Emergency response teams,Deploy trained safety personnel and first aid teams within the attraction.
Japan,Mount Fuji,Poor Staff Service,Tourists visiting Mount Fuji have reported issues related to poor staff service affecting their experience.,Service quality monitoring,Conduct regular service audits and reward high-performing staff.
Italy,Colosseum,High Entry Fee,Tourists visiting Colosseum have reported issues related to high entry fee affecting their experience.,Seasonal promotions,Offer reduced prices during low tourist seasons to balance demand and reduce price dissatisfaction.
Italy,Colosseum,Difficult Climb,Tourists visiting Colosseum have reported issues related to difficult climb affecting their experience.,Clear difficulty information,Display clear difficulty warnings and route information before visitors start climbing.
Italy,Colosseum,Overrated,Tourists visiting Colosseum have reported issues related to overrated affecting their experience.,Educational exhibitions,Install exhibitions and visual displays to help tourists understand the significance.
Italy,Colosseum,Other Complaints,Tourists visiting Colosseum have reported issues related to other complaints affecting their experience.,Improve seating and rest areas,Add seating areas and shaded resting spaces for visitor comfort.
Italy,Colosseum,Crowding,Tourists visiting Colosseum have reported issues related to crowding affecting their experience.,Timed ticket entry system,Allow visitors to enter only within specific time slots to distribute tourist flow.
Italy,Colosseum,Safety Concerns,Tourists visiting Colosseum have reported issues related to safety concerns affecting their experience.,Warning and hazard signs,Place visible warning signs in risky areas to prevent accidents.
Italy,Colosseum,Poor Staff Service,Tourists visiting Colosseum have reported issues related to poor staff service affecting their experience.,Multilingual staff hiring,Recruit staff who speak multiple languages to assist international tourists.
Jordan,Petra,High Entry Fee,Tourists visiting Petra have reported issues related to high entry fee affecting their experience.,Tiered pricing system,"Introduce different ticket prices for locals, foreign tourists, students, and children to make entry more affordable."
Jordan,Petra,Difficult Climb,Tourists visiting Petra have reported issues related to difficult climb affecting their experience.,Handrails and improved steps,Improve staircases with safety rails and anti‑slip steps to make climbing easier.
Jordan,Petra,Overrated,Tourists visiting Petra have reported issues related to overrated affecting their experience.,Augmented reality guides,Use AR mobile apps to show how the site looked historically and enrich the experience.
Jordan,Petra,Other Complaints,Tourists visiting Petra have reported issues related to other complaints affecting their experience.,Improve sanitation facilities,Add clean restrooms and proper waste management systems across the site.
Jordan,Petra,Crowding,Tourists visiting Petra have reported issues related to crowding affecting their experience.,Timed ticket entry system,Allow visitors to enter only within specific time slots to distribute tourist flow.
Jordan,Petra,Safety Concerns,Tourists visiting Petra have reported issues related to safety concerns affecting their experience.,Emergency response teams,Deploy trained safety personnel and first aid teams within the attraction.
Jordan,Petra,Poor Staff Service,Tourists visiting Petra have reported issues related to poor staff service affecting their experience.,Service quality monitoring,Conduct regular service audits and reward high-performing staff.
Cambodia,Angkor Wat,High Entry Fee,Tourists visiting Angkor Wat have reported issues related to high entry fee affecting their experience.,Multi‑site tourist passes,Bundle multiple attractions into a single tourist pass so visitors feel they receive better value.
Cambodia,Angkor Wat,Difficult Climb,Tourists visiting Angkor Wat have reported issues related to difficult climb affecting their experience.,Handrails and improved steps,Improve staircases with safety rails and anti‑slip steps to make climbing easier.
Cambodia,Angkor Wat,Overrated,Tourists visiting Angkor Wat have reported issues related to overrated affecting their experience.,Interactive visitor centers,Build museums or visitor centers explaining the historical importance of the site.
Cambodia,Angkor Wat,Other Complaints,Tourists visiting Angkor Wat have reported issues related to other complaints affecting their experience.,Visitor information kiosks,"Provide digital kiosks with maps, history, and travel guidance."
Cambodia,Angkor Wat,Crowding,Tourists visiting Angkor Wat have reported issues related to crowding affecting their experience.,Timed ticket entry system,Allow visitors to enter only within specific time slots to distribute tourist flow.
Cambodia,Angkor Wat,Safety Concerns,Tourists visiting Angkor Wat have reported issues related to safety concerns affecting their experience.,Warning and hazard signs,Place visible warning signs in risky areas to prevent accidents.
Cambodia,Angkor Wat,Poor Staff Service,Tourists visiting Angkor Wat have reported issues related to poor staff service affecting their experience.,Hospitality training programs,Train tourism staff in customer service and communication skills.
USA,Grand Canyon,High Entry Fee,Tourists visiting Grand Canyon have reported issues related to high entry fee affecting their experience.,Seasonal promotions,Offer reduced prices during low tourist seasons to balance demand and reduce price dissatisfaction.
USA,Grand Canyon,Difficult Climb,Tourists visiting Grand Canyon have reported issues related to difficult climb affecting their experience.,Visitor assistance guides,Provide guides or helpers who assist elderly tourists during difficult climbs.
USA,Grand Canyon,Overrated,Tourists visiting Grand Canyon have reported issues related to overrated affecting their experience.,Interactive visitor centers,Build museums or visitor centers explaining the historical importance of the site.
USA,Grand Canyon,Other Complaints,Tourists visiting Grand Canyon have reported issues related to other complaints affecting their experience.,Improve sanitation facilities,Add clean restrooms and proper waste management systems across the site.
USA,Grand Canyon,Crowding,Tourists visiting Grand Canyon have reported issues related to crowding affecting their experience.,Daily visitor limits,Restrict the number of tourists allowed per day to prevent overcrowding.
USA,Grand Canyon,Safety Concerns,Tourists visiting Grand Canyon have reported issues related to safety concerns affecting their experience.,Protective railings,Install strong safety railings along dangerous edges and high points.
USA,Grand Canyon,Poor Staff Service,Tourists visiting Grand Canyon have reported issues related to poor staff service affecting their experience.,Hospitality training programs,Train tourism staff in customer service and communication skills.
India,Taj Mahal,High Entry Fee,Tourists visiting Taj Mahal have reported issues related to high entry fee affecting their experience.,Tiered pricing system,"Introduce different ticket prices for locals, foreign tourists, students, and children to make entry more affordable."
India,Taj Mahal,Difficult Climb,Tourists visiting Taj Mahal have reported issues related to difficult climb affecting their experience.,Rest platforms and shade,Install resting areas with benches and shaded shelters along difficult climbing routes.
India,Taj Mahal,Overrated,Tourists visiting Taj Mahal have reported issues related to overrated affecting their experience.,Guided storytelling tours,Provide trained guides who explain the story and cultural value of the attraction.
India,Taj Mahal,Other Complaints,Tourists visiting Taj Mahal have reported issues related to other complaints affecting their experience.,Improve seating and rest areas,Add seating areas and shaded resting spaces for visitor comfort.
India,Taj Mahal,Crowding,Tourists visiting Taj Mahal have reported issues related to crowding affecting their experience.,Online reservation systems,Require advance booking to manage demand and reduce congestion.
India,Taj Mahal,Safety Concerns,Tourists visiting Taj Mahal have reported issues related to safety concerns affecting their experience.,CCTV monitoring,Use surveillance cameras to monitor risky areas and respond quickly to incidents.
India,Taj Mahal,Poor Staff Service,Tourists visiting Taj Mahal have reported issues related to poor staff service affecting their experience.,Visitor feedback systems,Introduce digital feedback systems to monitor staff performance.
Greece,Acropolis of Athens,High Entry Fee,Tourists visiting Acropolis of Athens have reported issues related to high entry fee affecting their experience.,Multi‑site tourist passes,Bundle multiple attractions into a single tourist pass so visitors feel they receive better value.
Greece,Acropolis of Athens,Difficult Climb,Tourists visiting Acropolis of Athens have reported issues related to difficult climb affecting their experience.,Clear difficulty information,Display clear difficulty warnings and route information before visitors start climbing.
Greece,Acropolis of Athens,Overrated,Tourists visiting Acropolis of Athens have reported issues related to overrated affecting their experience.,Interactive visitor centers,Build museums or visitor centers explaining the historical importance of the site.
Greece,Acropolis of Athens,Other Complaints,Tourists visiting Acropolis of Athens have reported issues related to other complaints affecting their experience.,Improve seating and rest areas,Add seating areas and shaded resting spaces for visitor comfort.
Greece,Acropolis of Athens,Crowding,Tourists visiting Acropolis of Athens have reported issues related to crowding affecting their experience.,Online reservation systems,Require advance booking to manage demand and reduce congestion.
Greece,Acropolis of Athens,Safety Concerns,Tourists visiting Acropolis of Athens have reported issues related to safety concerns affecting their experience.,Emergency response teams,Deploy trained safety personnel and first aid teams within the attraction.
Greece,Acropolis of Athens,Poor Staff Service,Tourists visiting Acropolis of Athens have reported issues related to poor staff service affecting their experience.,Visitor feedback systems,Introduce digital feedback systems to monitor staff performance.
Thailand,Maya Bay,High Entry Fee,Tourists visiting Maya Bay have reported issues related to high entry fee affecting their experience.,Seasonal promotions,Offer reduced prices during low tourist seasons to balance demand and reduce price dissatisfaction.
Thailand,Maya Bay,Difficult Climb,Tourists visiting Maya Bay have reported issues related to difficult climb affecting their experience.,Rest platforms and shade,Install resting areas with benches and shaded shelters along difficult climbing routes.
Thailand,Maya Bay,Overrated,Tourists visiting Maya Bay have reported issues related to overrated affecting their experience.,Interactive visitor centers,Build museums or visitor centers explaining the historical importance of the site.
Thailand,Maya Bay,Other Complaints,Tourists visiting Maya Bay have reported issues related to other complaints affecting their experience.,Improve sanitation facilities,Add clean restrooms and proper waste management systems across the site.
Thailand,Maya Bay,Crowding,Tourists visiting Maya Bay have reported issues related to crowding affecting their experience.,Online reservation systems,Require advance booking to manage demand and reduce congestion.
Thailand,Maya Bay,Safety Concerns,Tourists visiting Maya Bay have reported issues related to safety concerns affecting their experience.,Emergency response teams,Deploy trained safety personnel and first aid teams within the attraction.
Thailand,Maya Bay,Poor Staff Service,Tourists visiting Maya Bay have reported issues related to poor staff service affecting their experience.,Multilingual staff hiring,Recruit staff who speak multiple languages to assist international tourists.
Indonesia,Borobudur Temple,High Entry Fee,Tourists visiting Borobudur Temple have reported issues related to high entry fee affecting their experience.,Online discount tickets,Provide cheaper online advance tickets and off‑peak discounts to reduce complaints about price.
Indonesia,Borobudur Temple,Difficult Climb,Tourists visiting Borobudur Temple have reported issues related to difficult climb affecting their experience.,Handrails and improved steps,Improve staircases with safety rails and anti‑slip steps to make climbing easier.
Indonesia,Borobudur Temple,Overrated,Tourists visiting Borobudur Temple have reported issues related to overrated affecting their experience.,Educational exhibitions,Install exhibitions and visual displays to help tourists understand the significance.
Indonesia,Borobudur Temple,Other Complaints,Tourists visiting Borobudur Temple have reported issues related to other complaints affecting their experience.,Better directional signage,Install multilingual direction signs and tourist maps for easier navigation.
Indonesia,Borobudur Temple,Crowding,Tourists visiting Borobudur Temple have reported issues related to crowding affecting their experience.,Daily visitor limits,Restrict the number of tourists allowed per day to prevent overcrowding.
Indonesia,Borobudur Temple,Safety Concerns,Tourists visiting Borobudur Temple have reported issues related to safety concerns affecting their experience.,Warning and hazard signs,Place visible warning signs in risky areas to prevent accidents.
Indonesia,Borobudur Temple,Poor Staff Service,Tourists visiting Borobudur Temple have reported issues related to poor staff service affecting their experience.,Multilingual staff hiring,Recruit staff who speak multiple languages to assist international tourists.
UK,Stonehenge,High Entry Fee,Tourists visiting Stonehenge have reported issues related to high entry fee affecting their experience.,Multi‑site tourist passes,Bundle multiple attractions into a single tourist pass so visitors feel they receive better value.
UK,Stonehenge,Difficult Climb,Tourists visiting Stonehenge have reported issues related to difficult climb affecting their experience.,Rest platforms and shade,Install resting areas with benches and shaded shelters along difficult climbing routes.
UK,Stonehenge,Overrated,Tourists visiting Stonehenge have reported issues related to overrated affecting their experience.,Guided storytelling tours,Provide trained guides who explain the story and cultural value of the attraction.
UK,Stonehenge,Other Complaints,Tourists visiting Stonehenge have reported issues related to other complaints affecting their experience.,Improve seating and rest areas,Add seating areas and shaded resting spaces for visitor comfort.
UK,Stonehenge,Crowding,Tourists visiting Stonehenge have reported issues related to crowding affecting their experience.,Real‑time crowd monitoring,Use sensors or cameras to track crowd density and guide visitors to less busy areas.
UK,Stonehenge,Safety Concerns,Tourists visiting Stonehenge have reported issues related to safety concerns affecting their experience.,Emergency response teams,Deploy trained safety personnel and first aid teams within the attraction.
UK,Stonehenge,Poor Staff Service,Tourists visiting Stonehenge have reported issues related to poor staff service affecting their experience.,Hospitality training programs,Train tourism staff in customer service and communication skills.
Australia,Uluru,High Entry Fee,Tourists visiting Uluru have reported issues related to high entry fee affecting their experience.,Multi‑site tourist passes,Bundle multiple attractions into a single tourist pass so visitors feel they receive better value.
Australia,Uluru,Difficult Climb,Tourists visiting Uluru have reported issues related to difficult climb affecting their experience.,Visitor assistance guides,Provide guides or helpers who assist elderly tourists during difficult climbs.
Australia,Uluru,Overrated,Tourists visiting Uluru have reported issues related to overrated affecting their experience.,Interactive visitor centers,Build museums or visitor centers explaining the historical importance of the site.
Australia,Uluru,Other Complaints,Tourists visiting Uluru have reported issues related to other complaints affecting their experience.,Better directional signage,Install multilingual direction signs and tourist maps for easier navigation.
Australia,Uluru,Crowding,Tourists visiting Uluru have reported issues related to crowding affecting their experience.,Daily visitor limits,Restrict the number of tourists allowed per day to prevent overcrowding.
Australia,Uluru,Safety Concerns,Tourists visiting Uluru have reported issues related to safety concerns affecting their experience.,Warning and hazard signs,Place visible warning signs in risky areas to prevent accidents.
Australia,Uluru,Poor Staff Service,Tourists visiting Uluru have reported issues related to poor staff service affecting their experience.,Service quality monitoring,Conduct regular service audits and reward high-performing staff.
Spain,Sagrada Familia,High Entry Fee,Tourists visiting Sagrada Familia have reported issues related to high entry fee affecting their experience.,Multi‑site tourist passes,Bundle multiple attractions into a single tourist pass so visitors feel they receive better value.
Spain,Sagrada Familia,Difficult Climb,Tourists visiting Sagrada Familia have reported issues related to difficult climb affecting their experience.,Clear difficulty information,Display clear difficulty warnings and route information before visitors start climbing.
Spain,Sagrada Familia,Overrated,Tourists visiting Sagrada Familia have reported issues related to overrated affecting their experience.,Educational exhibitions,Install exhibitions and visual displays to help tourists understand the significance.
Spain,Sagrada Familia,Other Complaints,Tourists visiting Sagrada Familia have reported issues related to other complaints affecting their experience.,Better directional signage,Install multilingual direction signs and tourist maps for easier navigation.
Spain,Sagrada Familia,Crowding,Tourists visiting Sagrada Familia have reported issues related to crowding affecting their experience.,Daily visitor limits,Restrict the number of tourists allowed per day to prevent overcrowding.
Spain,Sagrada Familia,Safety Concerns,Tourists visiting Sagrada Familia have reported issues related to safety concerns affecting their experience.,Emergency response teams,Deploy trained safety personnel and first aid teams within the attraction.
Spain,Sagrada Familia,Poor Staff Service,Tourists visiting Sagrada Familia have reported issues related to poor staff service affecting their experience.,Multilingual staff hiring,Recruit staff who speak multiple languages to assist international tourists.
Mexico,Chichen Itza,High Entry Fee,Tourists visiting Chichen Itza have reported issues related to high entry fee affecting their experience.,Multi‑site tourist passes,Bundle multiple attractions into a single tourist pass so visitors feel they receive better value.
Mexico,Chichen Itza,Difficult Climb,Tourists visiting Chichen Itza have reported issues related to difficult climb affecting their experience.,Rest platforms and shade,Install resting areas with benches and shaded shelters along difficult climbing routes.
Mexico,Chichen Itza,Overrated,Tourists visiting Chichen Itza have reported issues related to overrated affecting their experience.,Augmented reality guides,Use AR mobile apps to show how the site looked historically and enrich the experience.
Mexico,Chichen Itza,Other Complaints,Tourists visiting Chichen Itza have reported issues related to other complaints affecting their experience.,Better directional signage,Install multilingual direction signs and tourist maps for easier navigation.
Mexico,Chichen Itza,Crowding,Tourists visiting Chichen Itza have reported issues related to crowding affecting their experience.,Online reservation systems,Require advance booking to manage demand and reduce congestion.
Mexico,Chichen Itza,Safety Concerns,Tourists visiting Chichen Itza have reported issues related to safety concerns affecting their experience.,CCTV monitoring,Use surveillance cameras to monitor risky areas and respond quickly to incidents.
Mexico,Chichen Itza,Poor Staff Service,Tourists visiting Chichen Itza have reported issues related to poor staff service affecting their experience.,Visitor feedback systems,Introduce digital feedback systems to monitor staff performance.
Turkey,Hagia Sophia,High Entry Fee,Tourists visiting Hagia Sophia have reported issues related to high entry fee affecting their experience.,Multi‑site tourist passes,Bundle multiple attractions into a single tourist pass so visitors feel they receive better value.
Turkey,Hagia Sophia,Difficult Climb,Tourists visiting Hagia Sophia have reported issues related to difficult climb affecting their experience.,Clear difficulty information,Display clear difficulty warnings and route information before visitors start climbing.
Turkey,Hagia Sophia,Overrated,Tourists visiting Hagia Sophia have reported issues related to overrated affecting their experience.,Guided storytelling tours,Provide trained guides who explain the story and cultural value of the attraction.
Turkey,Hagia Sophia,Other Complaints,Tourists visiting Hagia Sophia have reported issues related to other complaints affecting their experience.,Visitor information kiosks,"Provide digital kiosks with maps, history, and travel guidance."
Turkey,Hagia Sophia,Crowding,Tourists visiting Hagia Sophia have reported issues related to crowding affecting their experience.,Daily visitor limits,Restrict the number of tourists allowed per day to prevent overcrowding.
Turkey,Hagia Sophia,Safety Concerns,Tourists visiting Hagia Sophia have reported issues related to safety concerns affecting their experience.,Protective railings,Install strong safety railings along dangerous edges and high points.
Turkey,Hagia Sophia,Poor Staff Service,Tourists visiting Hagia Sophia have reported issues related to poor staff service affecting their experience.,Service quality monitoring,Conduct regular service audits and reward high-performing staff.
Egypt,Pyramids of Giza,High Entry Fee,Tourists visiting Pyramids of Giza have reported issues related to high entry fee affecting their experience.,Tiered pricing system,"Introduce different ticket prices for locals, foreign tourists, students, and children to make entry more affordable."
Egypt,Pyramids of Giza,Difficult Climb,Tourists visiting Pyramids of Giza have reported issues related to difficult climb affecting their experience.,Rest platforms and shade,Install resting areas with benches and shaded shelters along difficult climbing routes.
Egypt,Pyramids of Giza,Overrated,Tourists visiting Pyramids of Giza have reported issues related to overrated affecting their experience.,Augmented reality guides,Use AR mobile apps to show how the site looked historically and enrich the experience.
Egypt,Pyramids of Giza,Other Complaints,Tourists visiting Pyramids of Giza have reported issues related to other complaints affecting their experience.,Improve sanitation facilities,Add clean restrooms and proper waste management systems across the site.
Egypt,Pyramids of Giza,Crowding,Tourists visiting Pyramids of Giza have reported issues related to crowding affecting their experience.,Online reservation systems,Require advance booking to manage demand and reduce congestion.
Egypt,Pyramids of Giza,Safety Concerns,Tourists visiting Pyramids of Giza have reported issues related to safety concerns affecting their experience.,CCTV monitoring,Use surveillance cameras to monitor risky areas and respond quickly to incidents.
Egypt,Pyramids of Giza,Poor Staff Service,Tourists visiting Pyramids of Giza have reported issues related to poor staff service affecting their experience.,Visitor feedback systems,Introduce digital feedback systems to monitor staff performance.
Brazil,Christ the Redeemer,High Entry Fee,Tourists visiting Christ the Redeemer have reported issues related to high entry fee affecting their experience.,Online discount tickets,Provide cheaper online advance tickets and off‑peak discounts to reduce complaints about price.
Brazil,Christ the Redeemer,Difficult Climb,Tourists visiting Christ the Redeemer have reported issues related to difficult climb affecting their experience.,Handrails and improved steps,Improve staircases with safety rails and anti‑slip steps to make climbing easier.
Brazil,Christ the Redeemer,Overrated,Tourists visiting Christ the Redeemer have reported issues related to overrated affecting their experience.,Augmented reality guides,Use AR mobile apps to show how the site looked historically and enrich the experience.
Brazil,Christ the Redeemer,Other Complaints,Tourists visiting Christ the Redeemer have reported issues related to other complaints affecting their experience.,Visitor information kiosks,"Provide digital kiosks with maps, history, and travel guidance."
Brazil,Christ the Redeemer,Crowding,Tourists visiting Christ the Redeemer have reported issues related to crowding affecting their experience.,Timed ticket entry system,Allow visitors to enter only within specific time slots to distribute tourist flow.
Brazil,Christ the Redeemer,Safety Concerns,Tourists visiting Christ the Redeemer have reported issues related to safety concerns affecting their experience.,Warning and hazard signs,Place visible warning signs in risky areas to prevent accidents.
Brazil,Christ the Redeemer,Poor Staff Service,Tourists visiting Christ the Redeemer have reported issues related to poor staff service affecting their experience.,Hospitality training programs,Train tourism staff in customer service and communication skills.
Nepal,Everest Base Camp,High Entry Fee,Tourists visiting Everest Base Camp have reported issues related to high entry fee affecting their experience.,Seasonal promotions,Offer reduced prices during low tourist seasons to balance demand and reduce price dissatisfaction.
Nepal,Everest Base Camp,Difficult Climb,Tourists visiting Everest Base Camp have reported issues related to difficult climb affecting their experience.,Visitor assistance guides,Provide guides or helpers who assist elderly tourists during difficult climbs.
Nepal,Everest Base Camp,Overrated,Tourists visiting Everest Base Camp have reported issues related to overrated affecting their experience.,Educational exhibitions,Install exhibitions and visual displays to help tourists understand the significance.
Nepal,Everest Base Camp,Other Complaints,Tourists visiting Everest Base Camp have reported issues related to other complaints affecting their experience.,Improve seating and rest areas,Add seating areas and shaded resting spaces for visitor comfort.
Nepal,Everest Base Camp,Crowding,Tourists visiting Everest Base Camp have reported issues related to crowding affecting their experience.,Real‑time crowd monitoring,Use sensors or cameras to track crowd density and guide visitors to less busy areas.
Nepal,Everest Base Camp,Safety Concerns,Tourists visiting Everest Base Camp have reported issues related to safety concerns affecting their experience.,CCTV monitoring,Use surveillance cameras to monitor risky areas and respond quickly to incidents.
Nepal,Everest Base Camp,Poor Staff Service,Tourists visiting Everest Base Camp have reported issues related to poor staff service affecting their experience.,Multilingual staff hiring,Recruit staff who speak multiple languages to assist international tourists.
South Korea,Gyeongbokgung Palace,High Entry Fee,Tourists visiting Gyeongbokgung Palace have reported issues related to high entry fee affecting their experience.,Seasonal promotions,Offer reduced prices during low tourist seasons to balance demand and reduce price dissatisfaction.
South Korea,Gyeongbokgung Palace,Difficult Climb,Tourists visiting Gyeongbokgung Palace have reported issues related to difficult climb affecting their experience.,Clear difficulty information,Display clear difficulty warnings and route information before visitors start climbing.
South Korea,Gyeongbokgung Palace,Overrated,Tourists visiting Gyeongbokgung Palace have reported issues related to overrated affecting their experience.,Augmented reality guides,Use AR mobile apps to show how the site looked historically and enrich the experience.
South Korea,Gyeongbokgung Palace,Other Complaints,Tourists visiting Gyeongbokgung Palace have reported issues related to other complaints affecting their experience.,Better directional signage,Install multilingual direction signs and tourist maps for easier navigation.
South Korea,Gyeongbokgung Palace,Crowding,Tourists visiting Gyeongbokgung Palace have reported issues related to crowding affecting their experience.,Online reservation systems,Require advance booking to manage demand and reduce congestion.
South Korea,Gyeongbokgung Palace,Safety Concerns,Tourists visiting Gyeongbokgung Palace have reported issues related to safety concerns affecting their experience.,Emergency response teams,Deploy trained safety personnel and first aid teams within the attraction.
South Korea,Gyeongbokgung Palace,Poor Staff Service,Tourists visiting Gyeongbokgung Palace have reported issues related to poor staff service affecting their experience.,Visitor feedback systems,Introduce digital feedback systems to monitor staff performance.
Vietnam,Ha Long Bay,High Entry Fee,Tourists visiting Ha Long Bay have reported issues related to high entry fee affecting their experience.,Online discount tickets,Provide cheaper online advance tickets and off‑peak discounts to reduce complaints about price.
Vietnam,Ha Long Bay,Difficult Climb,Tourists visiting Ha Long Bay have reported issues related to difficult climb affecting their experience.,Rest platforms and shade,Install resting areas with benches and shaded shelters along difficult climbing routes.
Vietnam,Ha Long Bay,Overrated,Tourists visiting Ha Long Bay have reported issues related to overrated affecting their experience.,Interactive visitor centers,Build museums or visitor centers explaining the historical importance of the site.
Vietnam,Ha Long Bay,Other Complaints,Tourists visiting Ha Long Bay have reported issues related to other complaints affecting their experience.,Visitor information kiosks,"Provide digital kiosks with maps, history, and travel guidance."
Vietnam,Ha Long Bay,Crowding,Tourists visiting Ha Long Bay have reported issues related to crowding affecting their experience.,Online reservation systems,Require advance booking to manage demand and reduce congestion.
Vietnam,Ha Long Bay,Safety Concerns,Tourists visiting Ha Long Bay have reported issues related to safety concerns affecting their experience.,Protective railings,Install strong safety railings along dangerous edges and high points.
Vietnam,Ha Long Bay,Poor Staff Service,Tourists visiting Ha Long Bay have reported issues related to poor staff service affecting their experience.,Visitor feedback systems,Introduce digital feedback systems to monitor staff performance.
Switzerland,Jungfraujoch,High Entry Fee,Tourists visiting Jungfraujoch have reported issues related to high entry fee affecting their experience.,Tiered pricing system,"Introduce different ticket prices for locals, foreign tourists, students, and children to make entry more affordable."
Switzerland,Jungfraujoch,Difficult Climb,Tourists visiting Jungfraujoch have reported issues related to difficult climb affecting their experience.,Rest platforms and shade,Install resting areas with benches and shaded shelters along difficult climbing routes.
Switzerland,Jungfraujoch,Overrated,Tourists visiting Jungfraujoch have reported issues related to overrated affecting their experience.,Educational exhibitions,Install exhibitions and visual displays to help tourists understand the significance.
Switzerland,Jungfraujoch,Other Complaints,Tourists visiting Jungfraujoch have reported issues related to other complaints affecting their experience.,Visitor information kiosks,"Provide digital kiosks with maps, history, and travel guidance."
Switzerland,Jungfraujoch,Crowding,Tourists visiting Jungfraujoch have reported issues related to crowding affecting their experience.,Daily visitor limits,Restrict the number of tourists allowed per day to prevent overcrowding.
Switzerland,Jungfraujoch,Safety Concerns,Tourists visiting Jungfraujoch have reported issues related to safety concerns affecting their experience.,Warning and hazard signs,Place visible warning signs in risky areas to prevent accidents.
Switzerland,Jungfraujoch,Poor Staff Service,Tourists visiting Jungfraujoch have reported issues related to poor staff service affecting their experience.,Multilingual staff hiring,Recruit staff who speak multiple languages to assist international tourists.
UAE,Burj Khalifa,High Entry Fee,Tourists visiting Burj Khalifa have reported issues related to high entry fee affecting their experience.,Multi‑site tourist passes,Bundle multiple attractions into a single tourist pass so visitors feel they receive better value.
UAE,Burj Khalifa,Difficult Climb,Tourists visiting Burj Khalifa have reported issues related to difficult climb affecting their experience.,Rest platforms and shade,Install resting areas with benches and shaded shelters along difficult climbing routes.
UAE,Burj Khalifa,Overrated,Tourists visiting Burj Khalifa have reported issues related to overrated affecting their experience.,Interactive visitor centers,Build museums or visitor centers explaining the historical importance of the site.
UAE,Burj Khalifa,Other Complaints,Tourists visiting Burj Khalifa have reported issues related to other complaints affecting their experience.,Improve sanitation facilities,Add clean restrooms and proper waste management systems across the site.
UAE,Burj Khalifa,Crowding,Tourists visiting Burj Khalifa have reported issues related to crowding affecting their experience.,Real‑time crowd monitoring,Use sensors or cameras to track crowd density and guide visitors to less busy areas.
UAE,Burj Khalifa,Safety Concerns,Tourists visiting Burj Khalifa have reported issues related to safety concerns affecting their experience.,Warning and hazard signs,Place visible warning signs in risky areas to prevent accidents.
UAE,Burj Khalifa,Poor Staff Service,Tourists visiting Burj Khalifa have reported issues related to poor staff service affecting their experience.,Multilingual staff hiring,Recruit staff who speak multiple languages to assist international tourists.
Singapore,Gardens by the Bay,High Entry Fee,Tourists visiting Gardens by the Bay have reported issues related to high entry fee affecting their experience.,Tiered pricing system,"Introduce different ticket prices for locals, foreign tourists, students, and children to make entry more affordable."
Singapore,Gardens by the Bay,Difficult Climb,Tourists visiting Gardens by the Bay have reported issues related to difficult climb affecting their experience.,Handrails and improved steps,Improve staircases with safety rails and anti‑slip steps to make climbing easier.
Singapore,Gardens by the Bay,Overrated,Tourists visiting Gardens by the Bay have reported issues related to overrated affecting their experience.,Educational exhibitions,Install exhibitions and visual displays to help tourists understand the significance.
Singapore,Gardens by the Bay,Other Complaints,Tourists visiting Gardens by the Bay have reported issues related to other complaints affecting their experience.,Improve sanitation facilities,Add clean restrooms and proper waste management systems across the site.
Singapore,Gardens by the Bay,Crowding,Tourists visiting Gardens by the Bay have reported issues related to crowding affecting their experience.,Timed ticket entry system,Allow visitors to enter only within specific time slots to distribute tourist flow.
Singapore,Gardens by the Bay,Safety Concerns,Tourists visiting Gardens by the Bay have reported issues related to safety concerns affecting their experience.,CCTV monitoring,Use surveillance cameras to monitor risky areas and respond quickly to incidents.
Singapore,Gardens by the Bay,Poor Staff Service,Tourists visiting Gardens by the Bay have reported issues related to poor staff service affecting their experience.,Service quality monitoring,Conduct regular service audits and reward high-performing staff.
